project_id,customer_name,installer,system_size_kw,address,city,state,status,updated_at
PRJ-2024-00001,Customer 1,SunVolt Energy,5.9,2386 Oak Ln,Houston,TX,On Hold,2026-09-27 15:48:41
PRJ-2024-00002,Customer 2,Solaris Technologies,5.8,9963 Oak Ln,Los Angeles,CA,On Hold,2026-09-27 15:48:41
PRJ-2024-00003,Customer 3,SunVolt Energy,12.7,206 Maple Dr,Cambridge,MA,Pending,2026-09-27 15:48:41
PRJ-2024-00004,Customer 4,BrightSky Energy,4.1,1684 Cedar Blvd,Rochester,NY,Pending,2026-09-27 15:48:41
PRJ-2024-00005,Customer 5,BrightSky Energy,14.7,6301 Oak Ln,Cambridge,MA,Pending,2026-09-27 15:48:41
PRJ-2024-00006,Customer 6,SunPeak Solar LLC,10.9,4841 Oak St,New York,NY,On Hold,2026-09-27 15:48:41
PRJ-2024-00007,Customer 7,RayBright Solar,5.0,5920 Maple Blvd,Cambridge,MA,Completed,2026-09-27 15:48:41
PRJ-2024-00008,Customer 8,HelioPower Inc,8.5,4522 Elm St,Orlando,FL,Pending,2026-09-27 15:48:41
PRJ-2024-00009,Customer 9,RayBright Solar,7.8,1184 Maple Ln,New York,NY,In Progress,2026-09-27 15:48:41
PRJ-2024-00010,Customer 10,SunStream Energy,4.7,2387 Maple Ln,Worcester,MA,Pending,2026-09-27 15:48:41
PRJ-2024-00011,Customer 11,PhotonWorks,7.3,2366 Elm Dr,Aurora,CO,Completed,2026-09-27 15:48:41
PRJ-2024-00012,Customer 12,PhotonWorks,10.2,6404 Pine Ln,Orlando,FL,Pending,2026-09-27 15:48:41
PRJ-2024-00013,Customer 13,VoltEdge Solar,12.0,5673 Oak Blvd,Los Angeles,CA,In Progress,2026-09-27 15:48:41
PRJ-2024-00014,Customer 14,VoltEdge Solar,12.1,8417 Oak Blvd,San Jose,CA,In Progress,2026-09-27 15:48:41
PRJ-2024-00015,Customer 15,VoltEdge Solar,14.4,8789 Oak Ln,Las Vegas,NV,On Hold,2026-09-27 15:48:41
PRJ-2024-00016,Customer 16,SunVolt Energy,5.9,4046 Elm Ave,Austin,TX,On Hold,2026-09-27 15:48:41
PRJ-2024-00017,Customer 17,HelioPower Inc,10.9,9107 Maple Blvd,Seattle,WA,On Hold,2026-09-27 15:48:41
PRJ-2024-00018,Customer 18,Solaris Technologies,11.6,6637 Cedar Dr,Tacoma,WA,On Hold,2026-09-27 15:48:41
PRJ-2024-00019,Customer 19,BrightSky Energy,7.1,9738 Elm St,Buffalo,NY,In Progress,2026-09-27 15:48:41
PRJ-2024-00020,Customer 20,Solaris Technologies,3.8,614 Cedar Ave,Houston,TX,In Progress,2026-09-27 15:48:41
PRJ-2024-00021,Customer 21,VoltEdge Solar,4.6,9455 Elm Dr,Boston,MA,On Hold,2026-09-27 15:48:41
PRJ-2024-00022,Customer 22,BrightSky Energy,10.9,5904 Pine Dr,New York,NY,Completed,2026-09-27 15:48:41
PRJ-2024-00023,Customer 23,PhotonWorks,11.7,1890 Maple St,Houston,TX,On Hold,2026-09-27 15:48:41
PRJ-2024-00024,Customer 24,SunVolt Energy,8.6,1335 Pine Ln,Denver,CO,Completed,2026-09-27 15:48:41
PRJ-2024-00025,Customer 25,BrightSky Energy,14.1,3972 Maple Dr,Seattle,WA,On Hold,2026-09-27 15:48:41
PRJ-2024-00026,Customer 26,HelioPower Inc,7.5,6496 Cedar Dr,Denver,CO,On Hold,2026-09-27 15:48:41
PRJ-2024-00027,Customer 27,SunStream Energy,4.9,4961 Maple Ave,Tacoma,WA,Completed,2026-09-27 15:48:41
PRJ-2024-00028,Customer 28,Lumina Solar Co,8.7,8801 Maple Ave,Los Angeles,CA,Completed,2026-09-27 15:48:41
PRJ-2024-00029,Customer 29,Solaris Technologies,7.8,9433 Maple Ln,Houston,TX,Completed,2026-09-27 15:48:41
PRJ-2024-00030,Customer 30,Lumina Solar Co,9.8,5283 Cedar St,San Antonio,TX,Pending,2026-09-27 15:48:41
PRJ-2024-00031,Customer 31,HelioPower Inc,11.1,5015 Pine Blvd,Scottsdale,AZ,Completed,2026-09-27 15:48:41
PRJ-2024-00032,Customer 32,BrightSky Energy,3.9,3592 Elm Blvd,Salem,OR,Pending,2026-09-27 15:48:41
PRJ-2024-00033,Customer 33,SunVolt Energy,4.9,9000 Cedar Ln,Rochester,NY,Completed,2026-09-27 15:48:41
PRJ-2024-00034,Customer 34,BrightSky Energy,14.3,2300 Cedar Ave,Spokane,WA,In Progress,2026-09-27 15:48:41
PRJ-2024-00035,Customer 35,RayBright Solar,5.4,4425 Elm Dr,Tucson,AZ,Completed,2026-09-27 15:48:41
PRJ-2024-00036,Customer 36,SunPeak Solar LLC,3.0,2243 Cedar St,Colorado Springs,CO,On Hold,2026-09-27 15:48:41
PRJ-2024-00037,Customer 37,BrightSky Energy,14.3,2542 Elm Ave,Los Angeles,CA,In Progress,2026-09-27 15:48:41
PRJ-2024-00038,Customer 38,SunVolt Energy,7.4,753 Cedar St,Miami,FL,In Progress,2026-09-27 15:48:41
PRJ-2024-00039,Customer 39,VoltEdge Solar,13.6,6758 Elm St,Austin,TX,In Progress,2026-09-27 15:48:41
PRJ-2024-00040,Customer 40,HelioPower Inc,11.8,5542 Pine St,Denver,CO,In Progress,2026-09-27 15:48:41
PRJ-2024-00041,Customer 41,SunPeak Solar LLC,13.3,3744 Maple Dr,San Antonio,TX,Pending,2026-09-27 15:48:41
PRJ-2024-00042,Customer 42,Solaris Technologies,7.8,4664 Oak Blvd,New York,NY,On Hold,2026-09-27 15:48:41
PRJ-2024-00043,Customer 43,SunPeak Solar LLC,4.4,4379 Maple Ln,Spokane,WA,Completed,2026-09-27 15:48:41
PRJ-2024-00044,Customer 44,RayBright Solar,11.7,5239 Pine Ln,Eugene,OR,Completed,2026-09-27 15:48:41
PRJ-2024-00045,Customer 45,SunVolt Energy,3.5,7244 Oak Ln,Portland,OR,In Progress,2026-09-27 15:48:41
PRJ-2024-00046,Customer 46,RayBright Solar,10.5,2141 Cedar Ln,Denver,CO,On Hold,2026-09-27 15:48:41
PRJ-2024-00047,Customer 47,SunVolt Energy,9.7,3243 Pine Dr,Aurora,CO,In Progress,2026-09-27 15:48:41
PRJ-2024-00048,Customer 48,PhotonWorks,9.6,106 Cedar Blvd,Eugene,OR,On Hold,2026-09-27 15:48:41
PRJ-2024-00049,Customer 49,RayBright Solar,8.6,7344 Maple Ln,Salem,OR,In Progress,2026-09-27 15:48:41
PRJ-2024-00050,Customer 50,VoltEdge Solar,11.0,5591 Oak St,Austin,TX,Pending,2026-09-27 15:48:41
PRJ-2024-00051,Customer 51,SunPeak Solar LLC,3.6,7884 Elm Ave,Buffalo,NY,On Hold,2026-09-27 15:48:41
PRJ-2024-00052,Customer 52,PhotonWorks,8.9,4097 Maple Ave,Portland,OR,On Hold,2026-09-27 15:48:41
PRJ-2024-00053,Customer 53,SunPeak Solar LLC,9.7,2088 Pine St,Jacksonville,FL,Pending,2026-09-27 15:48:41
PRJ-2024-00054,Customer 54,VoltEdge Solar,8.1,9076 Pine St,Salem,OR,On Hold,2026-09-27 15:48:41
PRJ-2024-00055,Customer 55,VoltEdge Solar,8.8,4019 Cedar Dr,Rochester,NY,Pending,2026-09-27 15:48:41
PRJ-2024-00056,Customer 56,RayBright Solar,13.7,1420 Maple St,Mesa,AZ,On Hold,2026-09-27 15:48:41
PRJ-2024-00057,Customer 57,BrightSky Energy,8.0,5521 Elm Dr,Orlando,FL,Completed,2026-09-27 15:48:41
PRJ-2024-00058,Customer 58,Lumina Solar Co,14.4,420 Elm Dr,Colorado Springs,CO,Completed,2026-09-27 15:48:41
PRJ-2024-00059,Customer 59,PhotonWorks,9.5,9047 Elm St,Scottsdale,AZ,In Progress,2026-09-27 15:48:41
PRJ-2024-00060,Customer 60,SunPeak Solar LLC,7.7,6724 Maple Dr,Colorado Springs,CO,Completed,2026-09-27 15:48:41
PRJ-2024-00061,Customer 61,SunPeak Solar LLC,4.0,7122 Maple Dr,Salem,OR,Completed,2026-09-27 15:48:41
PRJ-2024-00062,Customer 62,Solaris Technologies,8.5,5629 Pine Blvd,Colorado Springs,CO,Pending,2026-09-27 15:48:41
PRJ-2024-00063,Customer 63,VoltEdge Solar,3.6,5833 Maple Ave,Boston,MA,Completed,2026-09-27 15:48:41
PRJ-2024-00064,Customer 64,SunPeak Solar LLC,10.5,4008 Maple Dr,Buffalo,NY,Completed,2026-09-27 15:48:41
PRJ-2024-00065,Customer 65,SunVolt Energy,12.2,2849 Elm Ln,Albany,NY,In Progress,2026-09-27 15:48:41
PRJ-2024-00066,Customer 66,SunVolt Energy,9.9,6249 Pine St,Houston,TX,In Progress,2026-09-27 15:48:41
PRJ-2024-00067,Customer 67,Lumina Solar Co,12.4,5788 Elm Dr,Phoenix,AZ,Pending,2026-09-27 15:48:41
PRJ-2024-00068,Customer 68,RayBright Solar,3.2,6982 Pine Ave,Tacoma,WA,Pending,2026-09-27 15:48:41
PRJ-2024-00069,Customer 69,HelioPower Inc,8.2,8648 Cedar Ln,Cambridge,MA,On Hold,2026-09-27 15:48:41
PRJ-2024-00070,Customer 70,Lumina Solar Co,6.2,4122 Oak Blvd,Aurora,CO,In Progress,2026-09-27 15:48:41
PRJ-2024-00071,Customer 71,PhotonWorks,7.0,8198 Cedar St,Salem,OR,In Progress,2026-09-27 15:48:41
PRJ-2024-00072,Customer 72,SunVolt Energy,13.6,4626 Elm Ave,Mesa,AZ,In Progress,2026-09-27 15:48:41
PRJ-2024-00073,Customer 73,SunStream Energy,9.7,4037 Pine Dr,Albany,NY,Completed,2026-09-27 15:48:41
PRJ-2024-00074,Customer 74,PhotonWorks,11.3,5116 Elm Blvd,Tucson,AZ,Pending,2026-09-27 15:48:41
PRJ-2024-00075,Customer 75,RayBright Solar,11.4,4538 Cedar Blvd,Spokane,WA,Completed,2026-09-27 15:48:41
PRJ-2024-00076,Customer 76,VoltEdge Solar,14.4,3133 Maple St,Las Vegas,NV,Pending,2026-09-27 15:48:41
PRJ-2024-00077,Customer 77,SunVolt Energy,14.8,3280 Cedar St,Tacoma,WA,In Progress,2026-09-27 15:48:41
PRJ-2024-00078,Customer 78,SunVolt Energy,3.5,993 Elm Blvd,San Diego,CA,On Hold,2026-09-27 15:48:41
PRJ-2024-00079,Customer 79,SunStream Energy,8.7,5682 Maple Ave,San Jose,CA,On Hold,2026-09-27 15:48:41
PRJ-2024-00080,Customer 80,SunStream Energy,3.9,978 Maple St,San Antonio,TX,Pending,2026-09-27 15:48:41
PRJ-2024-00081,Customer 81,VoltEdge Solar,12.2,9866 Elm St,New York,NY,On Hold,2026-09-27 15:48:41
PRJ-2024-00082,Customer 82,Lumina Solar Co,14.9,5103 Elm Ln,Worcester,MA,Completed,2026-09-27 15:48:41
PRJ-2024-00083,Customer 83,BrightSky Energy,4.9,2947 Elm Ave,Rochester,NY,Completed,2026-09-27 15:48:41
PRJ-2024-00084,Customer 84,Lumina Solar Co,8.6,634 Maple Blvd,Cambridge,MA,On Hold,2026-09-27 15:48:41
PRJ-2024-00085,Customer 85,Lumina Solar Co,10.9,3341 Pine Ave,Rochester,NY,In Progress,2026-09-27 15:48:41
PRJ-2024-00086,Customer 86,HelioPower Inc,3.9,2818 Cedar Ln,Tampa,FL,Pending,2026-09-27 15:48:41
PRJ-2024-00087,Customer 87,SunVolt Energy,11.4,4560 Elm Ln,San Antonio,TX,On Hold,2026-09-27 15:48:41
PRJ-2024-00088,Customer 88,PhotonWorks,11.8,9991 Cedar Ave,Portland,OR,In Progress,2026-09-27 15:48:41
PRJ-2024-00089,Customer 89,SunPeak Solar LLC,15.0,4515 Elm Ave,Salem,OR,On Hold,2026-09-27 15:48:41
PRJ-2024-00090,Customer 90,HelioPower Inc,15.0,7241 Pine Ave,Worcester,MA,Pending,2026-09-27 15:48:41
PRJ-2024-00091,Customer 91,BrightSky Energy,13.3,5503 Pine Dr,Reno,NV,On Hold,2026-09-27 15:48:41
PRJ-2024-00092,Customer 92,BrightSky Energy,6.8,5396 Oak Dr,Sacramento,CA,Completed,2026-09-27 15:48:41
PRJ-2024-00093,Customer 93,PhotonWorks,3.7,8594 Cedar Ln,Spokane,WA,On Hold,2026-09-27 15:48:41
PRJ-2024-00094,Customer 94,VoltEdge Solar,4.6,4819 Pine Dr,Rochester,NY,Completed,2026-09-27 15:48:41
PRJ-2024-00095,Customer 95,HelioPower Inc,6.7,324 Elm Dr,Portland,OR,In Progress,2026-09-27 15:48:41
PRJ-2024-00096,Customer 96,HelioPower Inc,9.0,4881 Elm Blvd,Boston,MA,On Hold,2026-09-27 15:48:41
PRJ-2024-00097,Customer 97,VoltEdge Solar,4.7,3222 Elm Ln,Albany,NY,Completed,2026-09-27 15:48:41
PRJ-2024-00098,Customer 98,VoltEdge Solar,6.2,142 Cedar Blvd,Colorado Springs,CO,On Hold,2026-09-27 15:48:41
PRJ-2024-00099,Customer 99,SunStream Energy,7.1,9142 Elm Dr,Cambridge,MA,Pending,2026-09-27 15:48:41
PRJ-2024-00100,Customer 100,Solaris Technologies,13.3,6830 Oak Blvd,Albany,NY,On Hold,2026-09-27 15:48:41
PRJ-2024-00101,Customer 101,SunPeak Solar LLC,4.5,9769 Cedar Ave,Jacksonville,FL,Completed,2026-09-27 15:48:41
PRJ-2024-00102,Customer 102,HelioPower Inc,7.9,2629 Oak Dr,Boston,MA,Pending,2026-09-27 15:48:41
PRJ-2024-00103,Customer 103,BrightSky Energy,13.2,8842 Pine Blvd,Aurora,CO,On Hold,2026-09-27 15:48:41
PRJ-2024-00104,Customer 104,Solaris Technologies,10.6,4808 Maple Ave,Los Angeles,CA,Completed,2026-09-27 15:48:41
PRJ-2024-00105,Customer 105,HelioPower Inc,11.3,574 Oak Blvd,San Antonio,TX,Pending,2026-09-27 15:48:41
PRJ-2024-00106,Customer 106,HelioPower Inc,5.9,6851 Elm St,Reno,NV,In Progress,2026-09-27 15:48:41
PRJ-2024-00107,Customer 107,Lumina Solar Co,11.2,8253 Elm St,Eugene,OR,On Hold,2026-09-27 15:48:41
PRJ-2024-00108,Customer 108,SunVolt Energy,11.0,7722 Cedar Ln,Scottsdale,AZ,Completed,2026-09-27 15:48:41
PRJ-2024-00109,Customer 109,SunVolt Energy,10.7,7051 Cedar Dr,Henderson,NV,In Progress,2026-09-27 15:48:41
PRJ-2024-00110,Customer 110,Solaris Technologies,7.6,5981 Elm Blvd,Boston,MA,Completed,2026-09-27 15:48:41
PRJ-2024-00111,Customer 111,SunPeak Solar LLC,9.8,903 Elm Dr,Colorado Springs,CO,In Progress,2026-09-27 15:48:41
PRJ-2024-00112,Customer 112,Solaris Technologies,10.5,2340 Oak Ave,Las Vegas,NV,On Hold,2026-09-27 15:48:41
PRJ-2024-00113,Customer 113,HelioPower Inc,4.1,4935 Cedar Dr,Eugene,OR,In Progress,2026-09-27 15:48:41
PRJ-2024-00114,Customer 114,VoltEdge Solar,9.0,4565 Maple Blvd,Spokane,WA,Pending,2026-09-27 15:48:41
PRJ-2024-00115,Customer 115,BrightSky Energy,4.7,3796 Pine Ln,San Antonio,TX,Completed,2026-09-27 15:48:41
PRJ-2024-00116,Customer 116,VoltEdge Solar,4.5,6138 Cedar Ln,San Jose,CA,Pending,2026-09-27 15:48:41
PRJ-2024-00117,Customer 117,SunPeak Solar LLC,10.4,9298 Cedar Ln,Albany,NY,Completed,2026-09-27 15:48:41
PRJ-2024-00118,Customer 118,SunVolt Energy,10.8,2011 Maple Ave,Cambridge,MA,Pending,2026-09-27 15:48:41
PRJ-2024-00119,Customer 119,Solaris Technologies,13.6,2322 Pine Dr,Houston,TX,On Hold,2026-09-27 15:48:41
PRJ-2024-00120,Customer 120,BrightSky Energy,13.0,6786 Cedar Ave,Jacksonville,FL,In Progress,2026-09-27 15:48:41
PRJ-2024-00121,Customer 121,RayBright Solar,4.2,6118 Elm Blvd,Boston,MA,On Hold,2026-09-27 15:48:41
PRJ-2024-00122,Customer 122,SunStream Energy,4.1,3575 Elm Ave,New York,NY,Pending,2026-09-27 15:48:41
PRJ-2024-00123,Customer 123,BrightSky Energy,13.0,9180 Maple Ln,Orlando,FL,In Progress,2026-09-27 15:48:41
PRJ-2024-00124,Customer 124,SunVolt Energy,13.3,2470 Maple Ln,Miami,FL,In Progress,2026-09-27 15:48:41
PRJ-2024-00125,Customer 125,SunPeak Solar LLC,7.3,3998 Elm Blvd,San Diego,CA,In Progress,2026-09-27 15:48:41
PRJ-2024-00126,Customer 126,PhotonWorks,9.3,1141 Pine Dr,San Diego,CA,Completed,2026-09-27 15:48:41
PRJ-2024-00127,Customer 127,Lumina Solar Co,3.5,8643 Cedar Dr,Seattle,WA,Completed,2026-09-27 15:48:41
PRJ-2024-00128,Customer 128,PhotonWorks,11.2,8132 Pine Ave,Worcester,MA,Pending,2026-09-27 15:48:41
PRJ-2024-00129,Customer 129,HelioPower Inc,6.3,9690 Elm Blvd,Miami,FL,Pending,2026-09-27 15:48:41
PRJ-2024-00130,Customer 130,PhotonWorks,4.2,1974 Elm St,Tacoma,WA,On Hold,2026-09-27 15:48:41
PRJ-2024-00131,Customer 131,SunStream Energy,7.8,1657 Cedar Dr,Colorado Springs,CO,Pending,2026-09-27 15:48:41
PRJ-2024-00132,Customer 132,BrightSky Energy,4.1,1498 Oak Dr,Jacksonville,FL,Pending,2026-09-27 15:48:41
PRJ-2024-00133,Customer 133,Lumina Solar Co,14.5,9302 Cedar Ave,Seattle,WA,Pending,2026-09-27 15:48:41
PRJ-2024-00134,Customer 134,SunPeak Solar LLC,14.6,9937 Cedar Blvd,Aurora,CO,In Progress,2026-09-27 15:48:41
PRJ-2024-00135,Customer 135,BrightSky Energy,7.2,9213 Cedar Ave,Boston,MA,In Progress,2026-09-27 15:48:41
PRJ-2024-00136,Customer 136,Lumina Solar Co,11.1,9221 Oak Ln,Tacoma,WA,Pending,2026-09-27 15:48:41
PRJ-2024-00137,Customer 137,SunVolt Energy,14.1,5851 Oak St,Tampa,FL,On Hold,2026-09-27 15:48:41
PRJ-2024-00138,Customer 138,BrightSky Energy,12.0,3624 Pine Dr,Miami,FL,Pending,2026-09-27 15:48:41
PRJ-2024-00139,Customer 139,RayBright Solar,12.3,9399 Elm Ave,Reno,NV,In Progress,2026-09-27 15:48:41
PRJ-2024-00140,Customer 140,BrightSky Energy,6.3,7047 Pine Ln,Portland,OR,On Hold,2026-09-27 15:48:41
PRJ-2024-00141,Customer 141,RayBright Solar,8.2,4740 Elm Dr,New York,NY,Pending,2026-09-27 15:48:41
PRJ-2024-00142,Customer 142,Lumina Solar Co,3.7,3449 Cedar St,Albany,NY,Pending,2026-09-27 15:48:41
PRJ-2024-00143,Customer 143,SunPeak Solar LLC,9.0,7155 Maple St,Las Vegas,NV,In Progress,2026-09-27 15:48:41
PRJ-2024-00144,Customer 144,RayBright Solar,3.9,793 Pine Ave,Tacoma,WA,Completed,2026-09-27 15:48:41
PRJ-2024-00145,Customer 145,Lumina Solar Co,7.9,6943 Cedar Ave,Eugene,OR,Completed,2026-09-27 15:48:41
PRJ-2024-00146,Customer 146,RayBright Solar,4.1,1834 Maple Dr,Jacksonville,FL,On Hold,2026-09-27 15:48:41
PRJ-2024-00147,Customer 147,SunVolt Energy,11.9,3730 Cedar St,San Antonio,TX,Completed,2026-09-27 15:48:41
PRJ-2024-00148,Customer 148,RayBright Solar,7.2,2519 Maple Ave,Seattle,WA,Pending,2026-09-27 15:48:41
PRJ-2024-00149,Customer 149,BrightSky Energy,5.1,8195 Pine Ln,Orlando,FL,On Hold,2026-09-27 15:48:41
PRJ-2024-00150,Customer 150,Lumina Solar Co,6.9,5279 Maple Dr,Salem,OR,On Hold,2026-09-27 15:48:41
PRJ-2024-00151,Customer 151,Lumina Solar Co,3.7,8412 Oak Blvd,Mesa,AZ,On Hold,2026-09-27 15:48:41
PRJ-2024-00152,Customer 152,SunVolt Energy,3.9,1579 Elm Ln,San Jose,CA,On Hold,2026-09-27 15:48:41
PRJ-2024-00153,Customer 153,SunPeak Solar LLC,8.4,9466 Maple Blvd,Salem,OR,On Hold,2026-09-27 15:48:41
PRJ-2024-00154,Customer 154,SunStream Energy,4.2,5726 Oak Ln,Miami,FL,In Progress,2026-09-27 15:48:41
PRJ-2024-00155,Customer 155,SunStream Energy,9.3,2700 Cedar Blvd,Albany,NY,On Hold,2026-09-27 15:48:41
PRJ-2024-00156,Customer 156,Lumina Solar Co,3.6,5582 Oak Blvd,Henderson,NV,On Hold,2026-09-27 15:48:41
PRJ-2024-00157,Customer 157,RayBright Solar,4.0,2417 Cedar Blvd,Tucson,AZ,On Hold,2026-09-27 15:48:41
PRJ-2024-00158,Customer 158,BrightSky Energy,6.7,6271 Cedar St,Salem,OR,Completed,2026-09-27 15:48:41
PRJ-2024-00159,Customer 159,RayBright Solar,3.2,5160 Maple St,Aurora,CO,On Hold,2026-09-27 15:48:41
PRJ-2024-00160,Customer 160,HelioPower Inc,3.9,1757 Elm Ln,Buffalo,NY,Completed,2026-09-27 15:48:41
PRJ-2024-00161,Customer 161,HelioPower Inc,10.2,2627 Maple St,Henderson,NV,In Progress,2026-09-27 15:48:41
PRJ-2024-00162,Customer 162,RayBright Solar,11.1,3991 Pine Ln,Sacramento,CA,On Hold,2026-09-27 15:48:41
PRJ-2024-00163,Customer 163,SunVolt Energy,14.6,7784 Maple Blvd,Seattle,WA,On Hold,2026-09-27 15:48:41
PRJ-2024-00164,Customer 164,VoltEdge Solar,9.3,2755 Maple Ln,Scottsdale,AZ,Pending,2026-09-27 15:48:41
PRJ-2024-00165,Customer 165,VoltEdge Solar,14.2,8552 Oak Blvd,Worcester,MA,In Progress,2026-09-27 15:48:41
PRJ-2024-00166,Customer 166,HelioPower Inc,13.0,1602 Maple Dr,Cambridge,MA,Completed,2026-09-27 15:48:41
PRJ-2024-00167,Customer 167,VoltEdge Solar,7.5,6426 Oak Blvd,Sacramento,CA,Completed,2026-09-27 15:48:41
PRJ-2024-00168,Customer 168,HelioPower Inc,4.7,4800 Pine St,Austin,TX,On Hold,2026-09-27 15:48:41
PRJ-2024-00169,Customer 169,SunPeak Solar LLC,6.1,2549 Elm Ln,Los Angeles,CA,On Hold,2026-09-27 15:48:41
PRJ-2024-00170,Customer 170,SunVolt Energy,4.5,4006 Pine Ln,Tucson,AZ,Completed,2026-09-27 15:48:41
PRJ-2024-00171,Customer 171,VoltEdge Solar,3.2,8543 Elm St,Cambridge,MA,Pending,2026-09-27 15:48:41
PRJ-2024-00172,Customer 172,Solaris Technologies,9.8,3168 Oak Ln,San Jose,CA,Completed,2026-09-27 15:48:41
PRJ-2024-00173,Customer 173,VoltEdge Solar,9.6,6497 Pine Ave,Tacoma,WA,On Hold,2026-09-27 15:48:41
PRJ-2024-00174,Customer 174,RayBright Solar,12.5,5749 Maple Ave,Phoenix,AZ,Pending,2026-09-27 15:48:41
PRJ-2024-00175,Customer 175,VoltEdge Solar,7.1,2968 Pine Dr,San Jose,CA,In Progress,2026-09-27 15:48:41
PRJ-2024-00176,Customer 176,SunPeak Solar LLC,6.5,817 Maple Ave,San Antonio,TX,Pending,2026-09-27 15:48:41
PRJ-2024-00177,Customer 177,SunStream Energy,6.0,3231 Cedar Blvd,Aurora,CO,Pending,2026-09-27 15:48:41
PRJ-2024-00178,Customer 178,PhotonWorks,13.7,7304 Pine Blvd,Austin,TX,On Hold,2026-09-27 15:48:41
PRJ-2024-00179,Customer 179,VoltEdge Solar,6.2,1453 Pine Ave,Worcester,MA,In Progress,2026-09-27 15:48:41
PRJ-2024-00180,Customer 180,BrightSky Energy,4.0,4943 Cedar Dr,Mesa,AZ,On Hold,2026-09-27 15:48:41
PRJ-2024-00181,Customer 181,SunStream Energy,3.5,5876 Elm Dr,Worcester,MA,Completed,2026-09-27 15:48:41
PRJ-2024-00182,Customer 182,VoltEdge Solar,12.6,2721 Oak St,Colorado Springs,CO,On Hold,2026-09-27 15:48:41
PRJ-2024-00183,Customer 183,Solaris Technologies,12.3,6101 Cedar Dr,Miami,FL,Completed,2026-09-27 15:48:41
PRJ-2024-00184,Customer 184,RayBright Solar,7.5,1359 Elm St,Jacksonville,FL,Pending,2026-09-27 15:48:41
PRJ-2024-00185,Customer 185,SunVolt Energy,6.0,1958 Oak St,Henderson,NV,On Hold,2026-09-27 15:48:41
PRJ-2024-00186,Customer 186,SunVolt Energy,11.4,3615 Elm Blvd,Austin,TX,In Progress,2026-09-27 15:48:41
PRJ-2024-00187,Customer 187,SunStream Energy,5.1,7392 Oak Blvd,Miami,FL,Pending,2026-09-27 15:48:41
PRJ-2024-00188,Customer 188,SunVolt Energy,13.2,2952 Cedar Ln,Austin,TX,Completed,2026-09-27 15:48:41
PRJ-2024-00189,Customer 189,SunStream Energy,3.3,9177 Elm Blvd,Orlando,FL,In Progress,2026-09-27 15:48:41
PRJ-2024-00190,Customer 190,SunVolt Energy,7.8,7942 Elm Dr,Houston,TX,Completed,2026-09-27 15:48:41
PRJ-2024-00191,Customer 191,BrightSky Energy,8.4,8576 Cedar St,Henderson,NV,In Progress,2026-09-27 15:48:41
PRJ-2024-00192,Customer 192,SunPeak Solar LLC,13.0,8588 Maple Blvd,Aurora,CO,In Progress,2026-09-27 15:48:41
PRJ-2024-00193,Customer 193,VoltEdge Solar,13.7,1392 Cedar St,Rochester,NY,Pending,2026-09-27 15:48:41
PRJ-2024-00194,Customer 194,VoltEdge Solar,10.7,9796 Elm St,Phoenix,AZ,Pending,2026-09-27 15:48:41
PRJ-2024-00195,Customer 195,BrightSky Energy,3.5,9549 Cedar St,Los Angeles,CA,On Hold,2026-09-27 15:48:41
PRJ-2024-00196,Customer 196,VoltEdge Solar,6.5,5049 Pine St,Sacramento,CA,On Hold,2026-09-27 15:48:41
PRJ-2024-00197,Customer 197,SunPeak Solar LLC,4.9,6909 Pine Dr,Boston,MA,Pending,2026-09-27 15:48:41
PRJ-2024-00198,Customer 198,RayBright Solar,11.8,5758 Pine St,Tampa,FL,Completed,2026-09-27 15:48:41
PRJ-2024-00199,Customer 199,BrightSky Energy,6.2,4161 Maple Ave,Albany,NY,Pending,2026-09-27 15:48:41
PRJ-2024-00200,Customer 200,Solaris Technologies,14.6,2716 Cedar Ln,Eugene,OR,In Progress,2026-09-27 15:48:41
PRJ-2024-00201,Customer 201,SunStream Energy,9.0,5155 Pine Ave,Cambridge,MA,On Hold,2026-09-27 15:48:41
PRJ-2024-00202,Customer 202,Solaris Technologies,10.0,897 Oak Blvd,Boston,MA,On Hold,2026-09-27 15:48:41
PRJ-2024-00203,Customer 203,BrightSky Energy,8.2,4433 Cedar Dr,Seattle,WA,Completed,2026-09-27 15:48:41
PRJ-2024-00204,Customer 204,RayBright Solar,9.6,1304 Pine Ln,San Diego,CA,Pending,2026-09-27 15:48:41
PRJ-2024-00205,Customer 205,HelioPower Inc,14.7,6553 Cedar Blvd,Portland,OR,Pending,2026-09-27 15:48:41
PRJ-2024-00206,Customer 206,VoltEdge Solar,3.5,737 Maple Blvd,Albany,NY,On Hold,2026-09-27 15:48:41
PRJ-2024-00207,Customer 207,HelioPower Inc,6.9,5318 Maple Dr,Salem,OR,Pending,2026-09-27 15:48:41
PRJ-2024-00208,Customer 208,VoltEdge Solar,9.4,9322 Cedar Dr,Henderson,NV,Pending,2026-09-27 15:48:41
PRJ-2024-00209,Customer 209,Lumina Solar Co,6.7,536 Elm Dr,San Antonio,TX,In Progress,2026-09-27 15:48:41
PRJ-2024-00210,Customer 210,HelioPower Inc,9.3,6329 Maple St,Eugene,OR,Completed,2026-09-27 15:48:41
PRJ-2024-00211,Customer 211,RayBright Solar,8.0,6865 Maple Dr,Sacramento,CA,On Hold,2026-09-27 15:48:41
PRJ-2024-00212,Customer 212,VoltEdge Solar,6.9,7937 Elm Dr,Orlando,FL,In Progress,2026-09-27 15:48:41
PRJ-2024-00213,Customer 213,VoltEdge Solar,7.3,4431 Elm Dr,Spokane,WA,In Progress,2026-09-27 15:48:41
PRJ-2024-00214,Customer 214,Solaris Technologies,14.3,4976 Cedar St,Spokane,WA,Pending,2026-09-27 15:48:41
PRJ-2024-00215,Customer 215,SunVolt Energy,6.5,9495 Elm Dr,Henderson,NV,Pending,2026-09-27 15:48:41
PRJ-2024-00216,Customer 216,SunVolt Energy,14.5,1394 Cedar Dr,Phoenix,AZ,Pending,2026-09-27 15:48:41
PRJ-2024-00217,Customer 217,VoltEdge Solar,6.3,9308 Cedar St,Buffalo,NY,In Progress,2026-09-27 15:48:41
PRJ-2024-00218,Customer 218,Solaris Technologies,3.6,6871 Cedar Dr,San Diego,CA,In Progress,2026-09-27 15:48:41
PRJ-2024-00219,Customer 219,PhotonWorks,10.8,7893 Pine St,Seattle,WA,Pending,2026-09-27 15:48:41
PRJ-2024-00220,Customer 220,Lumina Solar Co,5.8,711 Maple Dr,Los Angeles,CA,Completed,2026-09-27 15:48:41
PRJ-2024-00221,Customer 221,SunVolt Energy,13.5,251 Cedar Ln,Boston,MA,Completed,2026-09-27 15:48:41
PRJ-2024-00222,Customer 222,VoltEdge Solar,9.3,2298 Elm Dr,Scottsdale,AZ,In Progress,2026-09-27 15:48:41
PRJ-2024-00223,Customer 223,SunStream Energy,10.8,3150 Oak Blvd,Las Vegas,NV,In Progress,2026-09-27 15:48:41
PRJ-2024-00224,Customer 224,PhotonWorks,12.9,8542 Cedar Ave,Salem,OR,Completed,2026-09-27 15:48:41
PRJ-2024-00225,Customer 225,RayBright Solar,14.2,211 Cedar Dr,Jacksonville,FL,On Hold,2026-09-27 15:48:41
PRJ-2024-00226,Customer 226,Lumina Solar Co,11.7,287 Cedar Blvd,Reno,NV,Completed,2026-09-27 15:48:41
PRJ-2024-00227,Customer 227,SunVolt Energy,4.9,8333 Cedar Ave,San Antonio,TX,Pending,2026-09-27 15:48:41
PRJ-2024-00228,Customer 228,Solaris Technologies,14.5,7934 Maple Dr,Portland,OR,Pending,2026-09-27 15:48:41
PRJ-2024-00229,Customer 229,VoltEdge Solar,12.6,3678 Maple Ln,Spokane,WA,On Hold,2026-09-27 15:48:41
PRJ-2024-00230,Customer 230,Lumina Solar Co,4.3,9072 Elm St,Las Vegas,NV,In Progress,2026-09-27 15:48:41
PRJ-2024-00231,Customer 231,SunStream Energy,4.4,3465 Elm Dr,Henderson,NV,On Hold,2026-09-27 15:48:41
PRJ-2024-00232,Customer 232,VoltEdge Solar,8.0,9339 Oak Ln,Boston,MA,Pending,2026-09-27 15:48:41
PRJ-2024-00233,Customer 233,SunPeak Solar LLC,11.9,9575 Oak Ave,Colorado Springs,CO,Pending,2026-09-27 15:48:41
PRJ-2024-00234,Customer 234,BrightSky Energy,14.8,7834 Oak Blvd,Houston,TX,In Progress,2026-09-27 15:48:41
PRJ-2024-00235,Customer 235,PhotonWorks,8.4,6284 Pine Ave,Colorado Springs,CO,In Progress,2026-09-27 15:48:41
PRJ-2024-00236,Customer 236,HelioPower Inc,14.9,6539 Elm St,Las Vegas,NV,Completed,2026-09-27 15:48:41
PRJ-2024-00237,Customer 237,VoltEdge Solar,8.1,6314 Maple St,Scottsdale,AZ,Pending,2026-09-27 15:48:41
PRJ-2024-00238,Customer 238,BrightSky Energy,3.4,6968 Elm Ave,Tucson,AZ,In Progress,2026-09-27 15:48:41
PRJ-2024-00239,Customer 239,SunStream Energy,10.2,897 Maple Ave,Houston,TX,On Hold,2026-09-27 15:48:41
PRJ-2024-00240,Customer 240,SunPeak Solar LLC,4.7,4839 Maple Ln,Seattle,WA,Pending,2026-09-27 15:48:41
PRJ-2024-00241,Customer 241,VoltEdge Solar,5.7,5023 Cedar Ave,Tucson,AZ,In Progress,2026-09-27 15:48:41
PRJ-2024-00242,Customer 242,SunStream Energy,3.6,5742 Pine Ln,Aurora,CO,On Hold,2026-09-27 15:48:41
PRJ-2024-00243,Customer 243,PhotonWorks,5.2,8913 Pine St,Tampa,FL,Pending,2026-09-27 15:48:41
PRJ-2024-00244,Customer 244,SunPeak Solar LLC,9.7,6924 Elm Ln,Jacksonville,FL,On Hold,2026-09-27 15:48:41
PRJ-2024-00245,Customer 245,RayBright Solar,10.8,7469 Cedar Ave,Tucson,AZ,In Progress,2026-09-27 15:48:41
PRJ-2024-00246,Customer 246,Lumina Solar Co,10.2,1292 Maple Ln,Scottsdale,AZ,In Progress,2026-09-27 15:48:41
PRJ-2024-00247,Customer 247,SunVolt Energy,14.5,351 Maple St,Rochester,NY,On Hold,2026-09-27 15:48:41
PRJ-2024-00248,Customer 248,Solaris Technologies,7.8,4021 Elm Blvd,Salem,OR,On Hold,2026-09-27 15:48:41
PRJ-2024-00249,Customer 249,RayBright Solar,6.7,5992 Elm Dr,Tacoma,WA,Completed,2026-09-27 15:48:41
PRJ-2024-00250,Customer 250,RayBright Solar,6.8,849 Elm St,Las Vegas,NV,Completed,2026-09-27 15:48:41
PRJ-2024-00251,Customer 251,Lumina Solar Co,11.6,4936 Maple St,Tacoma,WA,In Progress,2026-09-27 15:48:41
PRJ-2024-00252,Customer 252,SunStream Energy,9.6,5630 Cedar Dr,Portland,OR,On Hold,2026-09-27 15:48:41
PRJ-2024-00253,Customer 253,HelioPower Inc,4.7,9054 Pine St,Tampa,FL,Completed,2026-09-27 15:48:41
PRJ-2024-00254,Customer 254,SunPeak Solar LLC,12.2,6856 Maple St,Los Angeles,CA,In Progress,2026-09-27 15:48:41
PRJ-2024-00255,Customer 255,RayBright Solar,3.7,8016 Pine Ave,Albany,NY,On Hold,2026-09-27 15:48:41
PRJ-2024-00256,Customer 256,VoltEdge Solar,14.7,380 Elm Dr,San Jose,CA,Completed,2026-09-27 15:48:41
PRJ-2024-00257,Customer 257,Solaris Technologies,5.3,8725 Cedar Blvd,Seattle,WA,On Hold,2026-09-27 15:48:41
PRJ-2024-00258,Customer 258,SunStream Energy,9.8,3800 Cedar Ave,Reno,NV,Completed,2026-09-27 15:48:41
PRJ-2024-00259,Customer 259,PhotonWorks,9.6,1019 Oak St,Colorado Springs,CO,On Hold,2026-09-27 15:48:41
PRJ-2024-00260,Customer 260,BrightSky Energy,13.7,797 Maple St,Henderson,NV,On Hold,2026-09-27 15:48:41
PRJ-2024-00261,Customer 261,SunVolt Energy,13.8,9332 Oak St,Los Angeles,CA,Completed,2026-09-27 15:48:41
PRJ-2024-00262,Customer 262,PhotonWorks,14.1,5003 Maple Ln,Portland,OR,On Hold,2026-09-27 15:48:41
PRJ-2024-00263,Customer 263,PhotonWorks,12.1,2392 Oak Ln,Spokane,WA,Completed,2026-09-27 15:48:41
PRJ-2024-00264,Customer 264,BrightSky Energy,7.1,9858 Pine Blvd,Denver,CO,Pending,2026-09-27 15:48:41
PRJ-2024-00265,Customer 265,RayBright Solar,9.6,6250 Pine St,Boston,MA,On Hold,2026-09-27 15:48:41
PRJ-2024-00266,Customer 266,Solaris Technologies,11.6,1444 Cedar St,Eugene,OR,In Progress,2026-09-27 15:48:41
PRJ-2024-00267,Customer 267,BrightSky Energy,4.1,5150 Pine Blvd,Reno,NV,Completed,2026-09-27 15:48:41
PRJ-2024-00268,Customer 268,PhotonWorks,8.4,9188 Elm Dr,Dallas,TX,Completed,2026-09-27 15:48:41
PRJ-2024-00269,Customer 269,BrightSky Energy,10.2,5415 Pine Ave,Henderson,NV,On Hold,2026-09-27 15:48:41
PRJ-2024-00270,Customer 270,Lumina Solar Co,9.3,6337 Maple St,Dallas,TX,Pending,2026-09-27 15:48:41
PRJ-2024-00271,Customer 271,BrightSky Energy,5.0,4621 Pine Blvd,Boston,MA,Completed,2026-09-27 15:48:41
PRJ-2024-00272,Customer 272,SunStream Energy,10.1,3303 Pine Ave,Tucson,AZ,Pending,2026-09-27 15:48:41
PRJ-2024-00273,Customer 273,Lumina Solar Co,7.6,5499 Pine Blvd,Colorado Springs,CO,In Progress,2026-09-27 15:48:41
PRJ-2024-00274,Customer 274,Solaris Technologies,8.7,3010 Pine Blvd,Henderson,NV,On Hold,2026-09-27 15:48:41
PRJ-2024-00275,Customer 275,PhotonWorks,6.4,6537 Cedar Ave,Rochester,NY,In Progress,2026-09-27 15:48:41
PRJ-2024-00276,Customer 276,VoltEdge Solar,3.3,7663 Maple Dr,Seattle,WA,Completed,2026-09-27 15:48:41
PRJ-2024-00277,Customer 277,SunVolt Energy,5.9,2625 Pine Dr,Boston,MA,On Hold,2026-09-27 15:48:41
PRJ-2024-00278,Customer 278,PhotonWorks,9.4,6953 Elm Ave,Cambridge,MA,Completed,2026-09-27 15:48:41
PRJ-2024-00279,Customer 279,HelioPower Inc,10.8,825 Elm Dr,Rochester,NY,On Hold,2026-09-27 15:48:41
PRJ-2024-00280,Customer 280,SunVolt Energy,5.7,8599 Elm Ln,Los Angeles,CA,In Progress,2026-09-27 15:48:41
PRJ-2024-00281,Customer 281,SunStream Energy,12.3,9743 Elm St,Reno,NV,Completed,2026-09-27 15:48:41
PRJ-2024-00282,Customer 282,PhotonWorks,14.0,1506 Oak St,Austin,TX,Pending,2026-09-27 15:48:41
PRJ-2024-00283,Customer 283,VoltEdge Solar,8.8,7901 Oak Dr,Boston,MA,Pending,2026-09-27 15:48:41
PRJ-2024-00284,Customer 284,BrightSky Energy,3.3,5720 Oak St,Phoenix,AZ,In Progress,2026-09-27 15:48:41
PRJ-2024-00285,Customer 285,VoltEdge Solar,8.1,7670 Maple Dr,Tampa,FL,In Progress,2026-09-27 15:48:41
PRJ-2024-00286,Customer 286,SunPeak Solar LLC,11.8,3332 Pine Ln,Colorado Springs,CO,On Hold,2026-09-27 15:48:41
PRJ-2024-00287,Customer 287,SunVolt Energy,12.0,1125 Elm Ave,Buffalo,NY,In Progress,2026-09-27 15:48:41
PRJ-2024-00288,Customer 288,SunStream Energy,4.4,8119 Elm Blvd,Las Vegas,NV,On Hold,2026-09-27 15:48:41
PRJ-2024-00289,Customer 289,BrightSky Energy,7.2,7601 Elm St,Aurora,CO,Pending,2026-09-27 15:48:41
PRJ-2024-00290,Customer 290,HelioPower Inc,6.8,4008 Cedar Ave,Portland,OR,Pending,2026-09-27 15:48:41
PRJ-2024-00291,Customer 291,PhotonWorks,10.2,9517 Pine Dr,Jacksonville,FL,On Hold,2026-09-27 15:48:41
PRJ-2024-00292,Customer 292,HelioPower Inc,9.7,8122 Cedar St,Tacoma,WA,Pending,2026-09-27 15:48:41
PRJ-2024-00293,Customer 293,RayBright Solar,14.4,8039 Maple St,Portland,OR,On Hold,2026-09-27 15:48:41
PRJ-2024-00294,Customer 294,SunStream Energy,8.9,1454 Elm Ave,Worcester,MA,Pending,2026-09-27 15:48:41
PRJ-2024-00295,Customer 295,VoltEdge Solar,6.5,7592 Elm Dr,Tucson,AZ,Completed,2026-09-27 15:48:41
PRJ-2024-00296,Customer 296,VoltEdge Solar,12.9,6110 Elm Ave,Austin,TX,In Progress,2026-09-27 15:48:41
PRJ-2024-00297,Customer 297,SunVolt Energy,13.5,628 Pine Blvd,Dallas,TX,Completed,2026-09-27 15:48:41
PRJ-2024-00298,Customer 298,Solaris Technologies,12.7,9732 Cedar Ln,Dallas,TX,On Hold,2026-09-27 15:48:41
PRJ-2024-00299,Customer 299,Solaris Technologies,12.8,1072 Elm Blvd,Portland,OR,Pending,2026-09-27 15:48:41
PRJ-2024-00300,Customer 300,RayBright Solar,14.7,4894 Cedar Ln,Seattle,WA,Completed,2026-09-27 15:48:41
PRJ-2024-00301,Customer 301,SunVolt Energy,13.4,2178 Maple St,Denver,CO,Pending,2026-09-27 15:48:41
PRJ-2024-00302,Customer 302,HelioPower Inc,9.9,4502 Pine Dr,Colorado Springs,CO,Completed,2026-09-27 15:48:41
PRJ-2024-00303,Customer 303,VoltEdge Solar,12.0,6146 Pine Dr,San Antonio,TX,Completed,2026-09-27 15:48:41
PRJ-2024-00304,Customer 304,RayBright Solar,13.2,8856 Pine St,Cambridge,MA,In Progress,2026-09-27 15:48:41
PRJ-2024-00305,Customer 305,SunVolt Energy,7.1,9568 Maple Ln,Mesa,AZ,Pending,2026-09-27 15:48:41
PRJ-2024-00306,Customer 306,BrightSky Energy,10.5,7629 Oak Ave,Los Angeles,CA,On Hold,2026-09-27 15:48:41
PRJ-2024-00307,Customer 307,Solaris Technologies,14.9,2261 Cedar St,Sacramento,CA,Completed,2026-09-27 15:48:41
PRJ-2024-00308,Customer 308,BrightSky Energy,7.5,2811 Oak Dr,Reno,NV,Pending,2026-09-27 15:48:41
PRJ-2024-00309,Customer 309,BrightSky Energy,11.4,117 Maple Dr,Albany,NY,In Progress,2026-09-27 15:48:41
PRJ-2024-00310,Customer 310,SunPeak Solar LLC,3.1,5729 Oak Dr,Albany,NY,On Hold,2026-09-27 15:48:41
PRJ-2024-00311,Customer 311,BrightSky Energy,11.8,1778 Oak Blvd,Albany,NY,Pending,2026-09-27 15:48:41
PRJ-2024-00312,Customer 312,HelioPower Inc,3.8,9328 Oak Ln,Denver,CO,In Progress,2026-09-27 15:48:41
PRJ-2024-00313,Customer 313,Solaris Technologies,10.5,2580 Pine Ln,Henderson,NV,On Hold,2026-09-27 15:48:41
PRJ-2024-00314,Customer 314,HelioPower Inc,12.0,9759 Pine Blvd,Houston,TX,Pending,2026-09-27 15:48:41
PRJ-2024-00315,Customer 315,BrightSky Energy,6.0,9946 Elm Ln,Rochester,NY,Completed,2026-09-27 15:48:41
PRJ-2024-00316,Customer 316,VoltEdge Solar,10.3,3190 Pine Blvd,Tucson,AZ,Completed,2026-09-27 15:48:41
PRJ-2024-00317,Customer 317,BrightSky Energy,5.9,9830 Oak Ln,Worcester,MA,Pending,2026-09-27 15:48:41
PRJ-2024-00318,Customer 318,Lumina Solar Co,8.1,9051 Maple Dr,Jacksonville,FL,Completed,2026-09-27 15:48:41
PRJ-2024-00319,Customer 319,SunVolt Energy,5.6,1090 Pine Ln,Houston,TX,On Hold,2026-09-27 15:48:41
PRJ-2024-00320,Customer 320,VoltEdge Solar,9.5,2601 Cedar Ave,Denver,CO,Completed,2026-09-27 15:48:41
PRJ-2024-00321,Customer 321,VoltEdge Solar,6.9,9708 Oak Blvd,Buffalo,NY,In Progress,2026-09-27 15:48:41
PRJ-2024-00322,Customer 322,PhotonWorks,4.4,1001 Cedar St,New York,NY,Completed,2026-09-27 15:48:41
PRJ-2024-00323,Customer 323,HelioPower Inc,9.0,5780 Elm Ln,Miami,FL,In Progress,2026-09-27 15:48:41
PRJ-2024-00324,Customer 324,BrightSky Energy,12.3,580 Cedar Dr,Tampa,FL,Completed,2026-09-27 15:48:41
PRJ-2024-00325,Customer 325,BrightSky Energy,9.0,8468 Cedar Ave,Salem,OR,In Progress,2026-09-27 15:48:41
PRJ-2024-00326,Customer 326,BrightSky Energy,13.7,1989 Maple Ln,Tampa,FL,Completed,2026-09-27 15:48:41
PRJ-2024-00327,Customer 327,SunStream Energy,7.4,2558 Maple Ave,New York,NY,On Hold,2026-09-27 15:48:41
PRJ-2024-00328,Customer 328,PhotonWorks,14.0,5341 Cedar Ave,Las Vegas,NV,Pending,2026-09-27 15:48:41
PRJ-2024-00329,Customer 329,SunPeak Solar LLC,5.2,8550 Oak Dr,Tacoma,WA,On Hold,2026-09-27 15:48:41
PRJ-2024-00330,Customer 330,BrightSky Energy,9.6,230 Cedar St,Mesa,AZ,Pending,2026-09-27 15:48:41
PRJ-2024-00331,Customer 331,RayBright Solar,10.1,8183 Maple Ln,Albany,NY,In Progress,2026-09-27 15:48:41
PRJ-2024-00332,Customer 332,Solaris Technologies,9.5,257 Cedar Ave,Denver,CO,On Hold,2026-09-27 15:48:41
PRJ-2024-00333,Customer 333,VoltEdge Solar,14.8,6978 Pine Ave,Dallas,TX,Pending,2026-09-27 15:48:41
PRJ-2024-00334,Customer 334,VoltEdge Solar,8.0,6202 Pine Ave,San Diego,CA,Completed,2026-09-27 15:48:41
PRJ-2024-00335,Customer 335,BrightSky Energy,10.1,1120 Pine St,Jacksonville,FL,Pending,2026-09-27 15:48:41
PRJ-2024-00336,Customer 336,RayBright Solar,6.8,4555 Maple Ave,Reno,NV,In Progress,2026-09-27 15:48:41
PRJ-2024-00337,Customer 337,BrightSky Energy,5.0,7735 Cedar Dr,Dallas,TX,Pending,2026-09-27 15:48:41
PRJ-2024-00338,Customer 338,SunStream Energy,6.2,2064 Oak St,Worcester,MA,Pending,2026-09-27 15:48:41
PRJ-2024-00339,Customer 339,Solaris Technologies,13.0,5470 Maple Ave,Portland,OR,Pending,2026-09-27 15:48:41
PRJ-2024-00340,Customer 340,SunVolt Energy,6.1,2948 Oak Dr,Seattle,WA,In Progress,2026-09-27 15:48:41
PRJ-2024-00341,Customer 341,HelioPower Inc,4.5,1110 Maple St,Boston,MA,On Hold,2026-09-27 15:48:41
PRJ-2024-00342,Customer 342,BrightSky Energy,3.3,1156 Maple Dr,Austin,TX,Completed,2026-09-27 15:48:41
PRJ-2024-00343,Customer 343,SunStream Energy,3.6,9502 Pine Dr,Houston,TX,Completed,2026-09-27 15:48:41
PRJ-2024-00344,Customer 344,RayBright Solar,5.6,3166 Cedar Blvd,Denver,CO,In Progress,2026-09-27 15:48:41
PRJ-2024-00345,Customer 345,Lumina Solar Co,5.9,4935 Pine Dr,Salem,OR,On Hold,2026-09-27 15:48:41
PRJ-2024-00346,Customer 346,PhotonWorks,4.6,3367 Elm St,Austin,TX,Completed,2026-09-27 15:48:41
PRJ-2024-00347,Customer 347,VoltEdge Solar,12.4,5736 Elm Ln,Reno,NV,On Hold,2026-09-27 15:48:41
PRJ-2024-00348,Customer 348,RayBright Solar,10.2,580 Cedar Ave,Miami,FL,Pending,2026-09-27 15:48:41
PRJ-2024-00349,Customer 349,BrightSky Energy,6.0,4051 Cedar Ln,Buffalo,NY,In Progress,2026-09-27 15:48:41
PRJ-2024-00350,Customer 350,HelioPower Inc,5.1,9807 Cedar Blvd,Colorado Springs,CO,Completed,2026-09-27 15:48:41
PRJ-2024-00351,Customer 351,Lumina Solar Co,4.7,3184 Pine Ln,Henderson,NV,In Progress,2026-09-27 15:48:41
PRJ-2024-00352,Customer 352,SunPeak Solar LLC,5.8,3684 Oak Ln,Los Angeles,CA,Completed,2026-09-27 15:48:41
PRJ-2024-00353,Customer 353,HelioPower Inc,7.1,3007 Cedar Ave,Portland,OR,In Progress,2026-09-27 15:48:41
PRJ-2024-00354,Customer 354,VoltEdge Solar,13.3,1288 Cedar Dr,Miami,FL,Completed,2026-09-27 15:48:41
PRJ-2024-00355,Customer 355,HelioPower Inc,14.7,7257 Pine Blvd,Mesa,AZ,Pending,2026-09-27 15:48:41
PRJ-2024-00356,Customer 356,PhotonWorks,6.7,4925 Maple St,Portland,OR,On Hold,2026-09-27 15:48:41
PRJ-2024-00357,Customer 357,Lumina Solar Co,6.8,3719 Elm Ave,San Diego,CA,In Progress,2026-09-27 15:48:41
PRJ-2024-00358,Customer 358,RayBright Solar,14.8,2850 Oak Blvd,Dallas,TX,Completed,2026-09-27 15:48:41
PRJ-2024-00359,Customer 359,BrightSky Energy,7.2,1870 Oak Ave,Buffalo,NY,On Hold,2026-09-27 15:48:41
PRJ-2024-00360,Customer 360,SunStream Energy,13.6,5854 Elm Dr,Jacksonville,FL,On Hold,2026-09-27 15:48:41
PRJ-2024-00361,Customer 361,SunStream Energy,3.9,647 Cedar Ave,Buffalo,NY,Pending,2026-09-27 15:48:41
PRJ-2024-00362,Customer 362,HelioPower Inc,13.7,2736 Oak Ln,Austin,TX,Pending,2026-09-27 15:48:41
PRJ-2024-00363,Customer 363,SunPeak Solar LLC,8.2,2803 Elm Dr,Eugene,OR,Completed,2026-09-27 15:48:41
PRJ-2024-00364,Customer 364,Solaris Technologies,7.9,9178 Elm Blvd,Las Vegas,NV,Pending,2026-09-27 15:48:41
PRJ-2024-00365,Customer 365,SunPeak Solar LLC,7.7,9105 Pine St,New York,NY,Pending,2026-09-27 15:48:41
PRJ-2024-00366,Customer 366,SunVolt Energy,12.9,9933 Pine St,Denver,CO,Completed,2026-09-27 15:48:41
PRJ-2024-00367,Customer 367,BrightSky Energy,8.7,1992 Cedar Dr,Tampa,FL,On Hold,2026-09-27 15:48:41
PRJ-2024-00368,Customer 368,VoltEdge Solar,7.7,6178 Pine Blvd,Phoenix,AZ,On Hold,2026-09-27 15:48:41
PRJ-2024-00369,Customer 369,SunStream Energy,6.2,4500 Elm Ave,Scottsdale,AZ,Completed,2026-09-27 15:48:41
PRJ-2024-00370,Customer 370,PhotonWorks,14.6,9762 Maple Ln,Henderson,NV,On Hold,2026-09-27 15:48:41
PRJ-2024-00371,Customer 371,SunStream Energy,9.9,3960 Pine Blvd,Aurora,CO,On Hold,2026-09-27 15:48:41
PRJ-2024-00372,Customer 372,BrightSky Energy,14.4,7457 Maple St,San Diego,CA,In Progress,2026-09-27 15:48:41
PRJ-2024-00373,Customer 373,BrightSky Energy,14.9,7233 Maple St,Sacramento,CA,Pending,2026-09-27 15:48:41
PRJ-2024-00374,Customer 374,PhotonWorks,9.7,9144 Cedar Blvd,Houston,TX,On Hold,2026-09-27 15:48:41
PRJ-2024-00375,Customer 375,VoltEdge Solar,12.4,1943 Pine St,Salem,OR,Completed,2026-09-27 15:48:41
PRJ-2024-00376,Customer 376,SunVolt Energy,13.4,5733 Pine Blvd,Portland,OR,On Hold,2026-09-27 15:48:41
PRJ-2024-00377,Customer 377,SunPeak Solar LLC,5.1,6702 Maple Ln,Eugene,OR,On Hold,2026-09-27 15:48:41
PRJ-2024-00378,Customer 378,Solaris Technologies,3.6,7885 Cedar Blvd,Colorado Springs,CO,Pending,2026-09-27 15:48:41
PRJ-2024-00379,Customer 379,SunStream Energy,13.3,1709 Maple St,Mesa,AZ,On Hold,2026-09-27 15:48:41
PRJ-2024-00380,Customer 380,Lumina Solar Co,10.7,3179 Pine St,Scottsdale,AZ,On Hold,2026-09-27 15:48:41
PRJ-2024-00381,Customer 381,VoltEdge Solar,12.5,1175 Cedar Ln,Las Vegas,NV,In Progress,2026-09-27 15:48:41
PRJ-2024-00382,Customer 382,HelioPower Inc,5.3,3388 Oak St,Portland,OR,On Hold,2026-09-27 15:48:41
PRJ-2024-00383,Customer 383,Solaris Technologies,6.3,7705 Elm Dr,Henderson,NV,Completed,2026-09-27 15:48:41
PRJ-2024-00384,Customer 384,RayBright Solar,8.9,7408 Maple Dr,San Diego,CA,Pending,2026-09-27 15:48:41
PRJ-2024-00385,Customer 385,BrightSky Energy,6.4,6433 Oak St,Tampa,FL,In Progress,2026-09-27 15:48:41
PRJ-2024-00386,Customer 386,SunVolt Energy,10.8,8509 Oak Ave,Buffalo,NY,In Progress,2026-09-27 15:48:41
PRJ-2024-00387,Customer 387,Solaris Technologies,6.0,5104 Cedar Dr,Miami,FL,Pending,2026-09-27 15:48:41
PRJ-2024-00388,Customer 388,SunStream Energy,6.6,8630 Elm Dr,Tucson,AZ,Completed,2026-09-27 15:48:41
PRJ-2024-00389,Customer 389,RayBright Solar,9.7,9828 Elm Blvd,Tacoma,WA,Completed,2026-09-27 15:48:41
PRJ-2024-00390,Customer 390,SunVolt Energy,10.7,4636 Cedar Blvd,Austin,TX,In Progress,2026-09-27 15:48:41
PRJ-2024-00391,Customer 391,Lumina Solar Co,7.8,5336 Maple Ave,New York,NY,On Hold,2026-09-27 15:48:41
PRJ-2024-00392,Customer 392,PhotonWorks,7.7,678 Elm Ln,Scottsdale,AZ,Pending,2026-09-27 15:48:41
PRJ-2024-00393,Customer 393,RayBright Solar,9.1,2885 Elm St,Albany,NY,Completed,2026-09-27 15:48:41
PRJ-2024-00394,Customer 394,VoltEdge Solar,12.2,3099 Cedar Ave,Tampa,FL,Pending,2026-09-27 15:48:41
PRJ-2024-00395,Customer 395,RayBright Solar,7.5,9693 Cedar Dr,Scottsdale,AZ,On Hold,2026-09-27 15:48:41
PRJ-2024-00396,Customer 396,Lumina Solar Co,3.9,3287 Elm Ave,Salem,OR,On Hold,2026-09-27 15:48:41
PRJ-2024-00397,Customer 397,SunPeak Solar LLC,13.5,2570 Maple St,Scottsdale,AZ,On Hold,2026-09-27 15:48:41
PRJ-2024-00398,Customer 398,RayBright Solar,13.3,3054 Oak Dr,Boston,MA,In Progress,2026-09-27 15:48:41
PRJ-2024-00399,Customer 399,SunStream Energy,6.3,2862 Elm St,Los Angeles,CA,Completed,2026-09-27 15:48:41
PRJ-2024-00400,Customer 400,PhotonWorks,7.8,7921 Pine Ave,Eugene,OR,In Progress,2026-09-27 15:48:41
PRJ-2024-00401,Customer 401,VoltEdge Solar,5.3,167 Maple St,San Jose,CA,Pending,2026-09-27 15:48:41
PRJ-2024-00402,Customer 402,VoltEdge Solar,10.1,2836 Oak Ave,San Antonio,TX,Pending,2026-09-27 15:48:41
PRJ-2024-00403,Customer 403,VoltEdge Solar,7.1,2292 Cedar Dr,Tacoma,WA,In Progress,2026-09-27 15:48:41
PRJ-2024-00404,Customer 404,Solaris Technologies,5.7,2249 Maple Ave,Denver,CO,In Progress,2026-09-27 15:48:41
PRJ-2024-00405,Customer 405,SunPeak Solar LLC,7.5,4290 Elm Ln,Henderson,NV,Completed,2026-09-27 15:48:41
PRJ-2024-00406,Customer 406,SunPeak Solar LLC,11.3,6928 Pine Dr,Houston,TX,Pending,2026-09-27 15:48:41
PRJ-2024-00407,Customer 407,SunPeak Solar LLC,6.6,1754 Elm Blvd,Orlando,FL,In Progress,2026-09-27 15:48:41
PRJ-2024-00408,Customer 408,SunVolt Energy,4.4,1841 Pine St,Houston,TX,In Progress,2026-09-27 15:48:41
PRJ-2024-00409,Customer 409,RayBright Solar,11.4,4939 Maple Ave,Seattle,WA,On Hold,2026-09-27 15:48:41
PRJ-2024-00410,Customer 410,Solaris Technologies,3.0,1558 Oak Ln,Worcester,MA,On Hold,2026-09-27 15:48:41
PRJ-2024-00411,Customer 411,BrightSky Energy,13.9,3887 Pine Blvd,Houston,TX,On Hold,2026-09-27 15:48:41
PRJ-2024-00412,Customer 412,SunPeak Solar LLC,13.2,6001 Cedar Dr,Dallas,TX,Completed,2026-09-27 15:48:41
PRJ-2024-00413,Customer 413,HelioPower Inc,6.9,7271 Elm Blvd,San Diego,CA,Pending,2026-09-27 15:48:41
PRJ-2024-00414,Customer 414,PhotonWorks,7.8,7579 Cedar Dr,Miami,FL,On Hold,2026-09-27 15:48:41
PRJ-2024-00415,Customer 415,HelioPower Inc,11.4,1060 Maple Ave,Miami,FL,On Hold,2026-09-27 15:48:41
PRJ-2024-00416,Customer 416,Lumina Solar Co,7.6,5975 Elm Ave,Boston,MA,In Progress,2026-09-27 15:48:41
PRJ-2024-00417,Customer 417,PhotonWorks,8.3,1137 Cedar Blvd,Boston,MA,In Progress,2026-09-27 15:48:41
PRJ-2024-00418,Customer 418,VoltEdge Solar,11.3,1660 Pine St,Henderson,NV,Pending,2026-09-27 15:48:41
PRJ-2024-00419,Customer 419,VoltEdge Solar,13.7,994 Oak St,Denver,CO,On Hold,2026-09-27 15:48:41
PRJ-2024-00420,Customer 420,SunStream Energy,6.8,5521 Cedar Ave,Miami,FL,In Progress,2026-09-27 15:48:41
PRJ-2024-00421,Customer 421,Solaris Technologies,3.9,7377 Elm Dr,Colorado Springs,CO,On Hold,2026-09-27 15:48:41
PRJ-2024-00422,Customer 422,SunStream Energy,11.9,391 Oak Dr,Las Vegas,NV,Completed,2026-09-27 15:48:41
PRJ-2024-00423,Customer 423,BrightSky Energy,12.5,5090 Elm Ln,Seattle,WA,On Hold,2026-09-27 15:48:41
PRJ-2024-00424,Customer 424,Solaris Technologies,13.1,5539 Elm Ln,Las Vegas,NV,On Hold,2026-09-27 15:48:41
PRJ-2024-00425,Customer 425,SunStream Energy,4.4,3733 Oak Blvd,Henderson,NV,Pending,2026-09-27 15:48:41
PRJ-2024-00426,Customer 426,BrightSky Energy,3.5,2789 Pine St,Spokane,WA,Completed,2026-09-27 15:48:41
PRJ-2024-00427,Customer 427,Solaris Technologies,4.4,6537 Maple Dr,Portland,OR,Pending,2026-09-27 15:48:41
PRJ-2024-00428,Customer 428,Lumina Solar Co,4.5,7481 Pine Ln,Denver,CO,In Progress,2026-09-27 15:48:41
PRJ-2024-00429,Customer 429,VoltEdge Solar,14.2,9686 Pine Ln,Los Angeles,CA,In Progress,2026-09-27 15:48:41
PRJ-2024-00430,Customer 430,Lumina Solar Co,10.3,5373 Elm Dr,San Antonio,TX,In Progress,2026-09-27 15:48:41
PRJ-2024-00431,Customer 431,SunVolt Energy,8.4,2285 Maple Dr,Colorado Springs,CO,Pending,2026-09-27 15:48:41
PRJ-2024-00432,Customer 432,VoltEdge Solar,10.6,3391 Maple Ln,Spokane,WA,Pending,2026-09-27 15:48:41
PRJ-2024-00433,Customer 433,VoltEdge Solar,9.5,5381 Oak Blvd,Orlando,FL,On Hold,2026-09-27 15:48:41
PRJ-2024-00434,Customer 434,PhotonWorks,11.1,8847 Cedar Dr,Salem,OR,Completed,2026-09-27 15:48:41
PRJ-2024-00435,Customer 435,SunPeak Solar LLC,11.0,3375 Cedar St,Denver,CO,Pending,2026-09-27 15:48:41
PRJ-2024-00436,Customer 436,Solaris Technologies,12.0,629 Cedar Dr,San Jose,CA,In Progress,2026-09-27 15:48:41
PRJ-2024-00437,Customer 437,Solaris Technologies,9.1,4812 Oak Dr,Spokane,WA,On Hold,2026-09-27 15:48:41
PRJ-2024-00438,Customer 438,SunPeak Solar LLC,3.2,4217 Maple Ln,Henderson,NV,In Progress,2026-09-27 15:48:41
PRJ-2024-00439,Customer 439,VoltEdge Solar,11.9,3318 Maple Blvd,Henderson,NV,In Progress,2026-09-27 15:48:41
PRJ-2024-00440,Customer 440,HelioPower Inc,11.8,2055 Pine Ave,Dallas,TX,Pending,2026-09-27 15:48:41
PRJ-2024-00441,Customer 441,HelioPower Inc,10.0,4278 Oak Blvd,Tucson,AZ,In Progress,2026-09-27 15:48:41
PRJ-2024-00442,Customer 442,Lumina Solar Co,3.6,5034 Pine Ln,Tampa,FL,Pending,2026-09-27 15:48:41
PRJ-2024-00443,Customer 443,Solaris Technologies,14.5,8629 Oak Ln,Henderson,NV,On Hold,2026-09-27 15:48:41
PRJ-2024-00444,Customer 444,BrightSky Energy,7.2,3595 Cedar Blvd,Spokane,WA,Pending,2026-09-27 15:48:41
PRJ-2024-00445,Customer 445,SunStream Energy,15.0,244 Oak Blvd,Salem,OR,In Progress,2026-09-27 15:48:41
PRJ-2024-00446,Customer 446,Solaris Technologies,14.5,5358 Pine Ave,Salem,OR,Pending,2026-09-27 15:48:41
PRJ-2024-00447,Customer 447,VoltEdge Solar,12.9,6243 Elm Ln,Phoenix,AZ,On Hold,2026-09-27 15:48:41
PRJ-2024-00448,Customer 448,RayBright Solar,9.2,1672 Maple Ln,Tucson,AZ,Completed,2026-09-27 15:48:41
PRJ-2024-00449,Customer 449,Solaris Technologies,13.4,7050 Oak St,Dallas,TX,On Hold,2026-09-27 15:48:41
PRJ-2024-00450,Customer 450,SunPeak Solar LLC,8.5,5534 Oak Ave,Dallas,TX,Completed,2026-09-27 15:48:41
PRJ-2024-00451,Customer 451,Lumina Solar Co,12.9,4337 Pine Dr,Phoenix,AZ,On Hold,2026-09-27 15:48:41
PRJ-2024-00452,Customer 452,PhotonWorks,11.1,8862 Oak Ln,Las Vegas,NV,Completed,2026-09-27 15:48:41
PRJ-2024-00453,Customer 453,VoltEdge Solar,4.3,5037 Elm Ave,Austin,TX,On Hold,2026-09-27 15:48:41
PRJ-2024-00454,Customer 454,SunPeak Solar LLC,8.7,8840 Maple St,Aurora,CO,Pending,2026-09-27 15:48:41
PRJ-2024-00455,Customer 455,RayBright Solar,14.5,282 Elm Ln,Tampa,FL,Completed,2026-09-27 15:48:41
PRJ-2024-00456,Customer 456,VoltEdge Solar,9.6,1494 Cedar St,Sacramento,CA,In Progress,2026-09-27 15:48:41
PRJ-2024-00457,Customer 457,HelioPower Inc,5.2,4240 Maple Ave,Seattle,WA,Completed,2026-09-27 15:48:41
PRJ-2024-00458,Customer 458,VoltEdge Solar,3.9,1203 Cedar Ave,Cambridge,MA,On Hold,2026-09-27 15:48:41
PRJ-2024-00459,Customer 459,Solaris Technologies,4.2,1243 Maple Blvd,Las Vegas,NV,On Hold,2026-09-27 15:48:41
PRJ-2024-00460,Customer 460,SunVolt Energy,11.3,2596 Elm Ln,Salem,OR,Pending,2026-09-27 15:48:41
PRJ-2024-00461,Customer 461,RayBright Solar,6.0,3729 Pine Blvd,Miami,FL,In Progress,2026-09-27 15:48:41
PRJ-2024-00462,Customer 462,SunStream Energy,8.3,5104 Pine Ln,Reno,NV,In Progress,2026-09-27 15:48:41
PRJ-2024-00463,Customer 463,SunVolt Energy,13.3,2393 Elm St,Portland,OR,Completed,2026-09-27 15:48:41
PRJ-2024-00464,Customer 464,Lumina Solar Co,9.9,9767 Maple Ave,Los Angeles,CA,Pending,2026-09-27 15:48:41
PRJ-2024-00465,Customer 465,HelioPower Inc,7.4,3758 Elm Blvd,Spokane,WA,On Hold,2026-09-27 15:48:41
PRJ-2024-00466,Customer 466,PhotonWorks,7.4,273 Maple Ln,Seattle,WA,In Progress,2026-09-27 15:48:41
PRJ-2024-00467,Customer 467,HelioPower Inc,5.1,9370 Maple Dr,Jacksonville,FL,Completed,2026-09-27 15:48:41
PRJ-2024-00468,Customer 468,BrightSky Energy,6.2,3934 Oak St,Boston,MA,Pending,2026-09-27 15:48:41
PRJ-2024-00469,Customer 469,SunPeak Solar LLC,3.5,5409 Oak Ln,Worcester,MA,Pending,2026-09-27 15:48:41
PRJ-2024-00470,Customer 470,Lumina Solar Co,5.1,6301 Cedar Ln,Salem,OR,Completed,2026-09-27 15:48:41
PRJ-2024-00471,Customer 471,Solaris Technologies,9.2,5881 Cedar Dr,Scottsdale,AZ,Completed,2026-09-27 15:48:41
PRJ-2024-00472,Customer 472,HelioPower Inc,5.8,8530 Cedar St,Jacksonville,FL,In Progress,2026-09-27 15:48:41
PRJ-2024-00473,Customer 473,BrightSky Energy,10.9,6893 Cedar Ave,Henderson,NV,On Hold,2026-09-27 15:48:41
PRJ-2024-00474,Customer 474,PhotonWorks,3.3,806 Maple Ln,Buffalo,NY,In Progress,2026-09-27 15:48:41
PRJ-2024-00475,Customer 475,Lumina Solar Co,4.8,2825 Cedar St,Seattle,WA,On Hold,2026-09-27 15:48:41
PRJ-2024-00476,Customer 476,SunPeak Solar LLC,13.5,4744 Oak St,Salem,OR,On Hold,2026-09-27 15:48:41
PRJ-2024-00477,Customer 477,PhotonWorks,10.2,9646 Maple Ln,Orlando,FL,Pending,2026-09-27 15:48:41
PRJ-2024-00478,Customer 478,Lumina Solar Co,10.1,3865 Pine Dr,Reno,NV,Completed,2026-09-27 15:48:41
PRJ-2024-00479,Customer 479,HelioPower Inc,10.3,3006 Pine Ln,Albany,NY,Completed,2026-09-27 15:48:41
PRJ-2024-00480,Customer 480,BrightSky Energy,8.8,2235 Elm Ln,Seattle,WA,On Hold,2026-09-27 15:48:41
PRJ-2024-00481,Customer 481,SunPeak Solar LLC,11.4,7128 Maple Dr,Colorado Springs,CO,Pending,2026-09-27 15:48:41
PRJ-2024-00482,Customer 482,PhotonWorks,4.6,7917 Maple Ave,Portland,OR,On Hold,2026-09-27 15:48:41
PRJ-2024-00483,Customer 483,SunPeak Solar LLC,9.9,2030 Elm Ave,New York,NY,In Progress,2026-09-27 15:48:41
PRJ-2024-00484,Customer 484,RayBright Solar,4.3,7080 Elm Blvd,Reno,NV,On Hold,2026-09-27 15:48:41
PRJ-2024-00485,Customer 485,SunVolt Energy,14.9,6611 Maple Dr,Henderson,NV,On Hold,2026-09-27 15:48:41
PRJ-2024-00486,Customer 486,VoltEdge Solar,8.8,5124 Elm Blvd,Henderson,NV,In Progress,2026-09-27 15:48:41
PRJ-2024-00487,Customer 487,SunStream Energy,12.4,2750 Oak St,Dallas,TX,On Hold,2026-09-27 15:48:41
PRJ-2024-00488,Customer 488,SunPeak Solar LLC,4.9,186 Oak St,Tacoma,WA,On Hold,2026-09-27 15:48:41
PRJ-2024-00489,Customer 489,Solaris Technologies,7.5,718 Pine Dr,Austin,TX,Pending,2026-09-27 15:48:41
PRJ-2024-00490,Customer 490,HelioPower Inc,10.7,7292 Oak St,Portland,OR,Pending,2026-09-27 15:48:41
PRJ-2024-00491,Customer 491,Lumina Solar Co,5.0,690 Cedar St,San Diego,CA,Completed,2026-09-27 15:48:41
PRJ-2024-00492,Customer 492,PhotonWorks,7.2,6574 Pine Ln,Austin,TX,Completed,2026-09-27 15:48:41
PRJ-2024-00493,Customer 493,VoltEdge Solar,6.4,9260 Elm Blvd,Houston,TX,Pending,2026-09-27 15:48:41
PRJ-2024-00494,Customer 494,SunStream Energy,14.2,9519 Oak Blvd,Portland,OR,On Hold,2026-09-27 15:48:41
PRJ-2024-00495,Customer 495,VoltEdge Solar,6.5,2017 Elm Blvd,Houston,TX,Pending,2026-09-27 15:48:41
PRJ-2024-00496,Customer 496,Lumina Solar Co,8.8,4085 Cedar Dr,Worcester,MA,On Hold,2026-09-27 15:48:41
PRJ-2024-00497,Customer 497,BrightSky Energy,6.1,6369 Maple St,Sacramento,CA,On Hold,2026-09-27 15:48:41
PRJ-2024-00498,Customer 498,SunPeak Solar LLC,11.4,4414 Maple Blvd,Tacoma,WA,On Hold,2026-09-27 15:48:41
PRJ-2024-00499,Customer 499,VoltEdge Solar,14.2,7907 Cedar Blvd,Las Vegas,NV,Pending,2026-09-27 15:48:41
PRJ-2024-00500,Customer 500,Solaris Technologies,5.8,4065 Cedar St,Albany,NY,In Progress,2026-09-27 15:48:41
