envelope_reference,project_reference,signing_status,signed_date,document_name
ENV-8AA07D35D825,PRJ-2024-00001,DECLINED,2020-05-31,Solar_Agreement_PRJ-2024-00001.pdf
ENV-00F68743D0E1,PRJ-2024-00002,DECLINED,2020-09-04,Solar_Agreement_PRJ-2024-00002.pdf
ENV-36719A82572F,PRJ-2024-00003,NOT_SENT,2020-08-02,Solar_Agreement_PRJ-2024-00003.pdf
ENV-AF8CE47B85C6,PRJ-2024-00004,NOT_SENT,2020-06-06,Solar_Agreement_PRJ-2024-00004.pdf
ENV-FCCB24C0F871,PRJ-2024-00005,NOT_SENT,2021-03-06,Solar_Agreement_PRJ-2024-00005.pdf
ENV-7BB8C2E4F799,PRJ-2024-00006,DECLINED,2020-10-04,Solar_Agreement_PRJ-2024-00006.pdf
ENV-E00FD3BA0757,PRJ-2024-00007,SIGNED,2021-03-22,Solar_Agreement_PRJ-2024-00007.pdf
ENV-EDDE7937FC78,PRJ-2024-00008,NOT_SENT,2020-06-12,Solar_Agreement_PRJ-2024-00008.pdf
ENV-1C350229BBC7,PRJ-2024-00009,PENDING_SIGNATURE,2021-04-15,Solar_Agreement_PRJ-2024-00009.pdf
ENV-4DF2913B09D5,PRJ-2024-00010,NOT_SENT,2021-03-10,Solar_Agreement_PRJ-2024-00010.pdf
ENV-F88A01F1A53F,PRJ-2024-00011,SIGNED,2020-07-10,Solar_Agreement_PRJ-2024-00011.pdf
ENV-964A6479C911,PRJ-2024-00012,NOT_SENT,2021-02-22,Solar_Agreement_PRJ-2024-00012.pdf
ENV-97946DEF3178,PRJ-2024-00013,PENDING_SIGNATURE,2021-01-02,Solar_Agreement_PRJ-2024-00013.pdf
ENV-B6987A078AAA,PRJ-2024-00014,PENDING_SIGNATURE,2020-08-01,Solar_Agreement_PRJ-2024-00014.pdf
ENV-FA002F23498C,PRJ-2024-00015,DECLINED,2020-05-24,Solar_Agreement_PRJ-2024-00015.pdf
ENV-ABCFD9514357,PRJ-2024-00016,DECLINED,2020-06-19,Solar_Agreement_PRJ-2024-00016.pdf
ENV-2CD39550A376,PRJ-2024-00017,DECLINED,2020-08-31,Solar_Agreement_PRJ-2024-00017.pdf
ENV-338FA2B88F95,PRJ-2024-00018,DECLINED,2020-07-15,Solar_Agreement_PRJ-2024-00018.pdf
ENV-444DE9CAACF3,PRJ-2024-00019,PENDING_SIGNATURE,2020-05-18,Solar_Agreement_PRJ-2024-00019.pdf
ENV-9BE7164142D5,PRJ-2024-00020,PENDING_SIGNATURE,2020-10-04,Solar_Agreement_PRJ-2024-00020.pdf
ENV-33116245EA8F,PRJ-2024-00021,DECLINED,2020-12-09,Solar_Agreement_PRJ-2024-00021.pdf
ENV-174D53BEC560,PRJ-2024-00022,SIGNED,2021-04-24,Solar_Agreement_PRJ-2024-00022.pdf
ENV-DAF204876340,PRJ-2024-00023,DECLINED,2020-07-25,Solar_Agreement_PRJ-2024-00023.pdf
ENV-B18890DA97C7,PRJ-2024-00024,SIGNED,2021-04-13,Solar_Agreement_PRJ-2024-00024.pdf
ENV-0434887A6DD1,PRJ-2024-00025,DECLINED,2020-09-01,Solar_Agreement_PRJ-2024-00025.pdf
ENV-570C64B7E590,PRJ-2024-00026,DECLINED,2021-05-06,solar_agreement_prj-2024-00026.pdf
ENV-083F695E3CBF,PRJ-2024-00027,SIGNED,2020-10-22,Solar_Agreement_PRJ-2024-00027.pdf
ENV-DBEA36503F80,PRJ-2024-00028,SIGNED,2020-08-18,Solar_Agreement_PRJ-2024-00028.pdf
ENV-7E62D49A3750,PRJ-2024-00029,SIGNED,2021-03-28,Solar_Agreement_PRJ-2024-00029.pdf
ENV-79385543F974,PRJ-2024-00030,NOT_SENT,2020-09-14,Solar_Agreement_PRJ-2024-00030.pdf
ENV-099167677259,PRJ-2024-00031,SIGNED,2021-01-04,Solar_Agreement_PRJ-2024-00031.pdf
ENV-8EADA01AF5E9,PRJ-2024-00032,NOT_SENT,2020-06-19,Solar_Agreement_PRJ-2024-00032.pdf
ENV-AC98A61C095E,PRJ-2024-00033,SIGNED,2021-04-21,Solar_Agreement_PRJ-2024-00033.pdf
ENV-70C5FF7E3D43,PRJ-2024-00034,PENDING_SIGNATURE,2020-10-01,Solar_Agreement_PRJ-2024-00034.pdf
ENV-137D01B29B0E,PRJ-2024-00035,SIGNED,2020-07-01,Solar_Agreement_PRJ-2024-00035.pdf
ENV-C69E5180BEF3,PRJ-2024-00036,DECLINED,2021-02-26,Solar_Agreement_PRJ-2024-00036.pdf
ENV-DF3356219443,PRJ-2024-00037,PENDING_SIGNATURE,2020-12-21,Solar_Agreement_PRJ-2024-00037.pdf
ENV-7906EDEFDA02,PRJ-2024-00038,PENDING_SIGNATURE,2021-04-21,Solar_Agreement_PRJ-2024-00038.pdf
ENV-0F64604CD2B9,PRJ-2024-00039,PENDING_SIGNATURE,2020-08-13,Solar_Agreement_PRJ-2024-00039.pdf
ENV-65C509111A2C,PRJ-2024-00040,PENDING_SIGNATURE,2021-05-09,Solar_Agreement_PRJ-2024-00040.pdf
ENV-5CB579810B18,PRJ-2024-00041,NOT_SENT,2020-09-08,Solar_Agreement_PRJ-2024-00041.pdf
ENV-048E2BD6D798,prj-2024-00042,DECLINED,2021-04-27,Solar_Agreement_PRJ-2024-00042.pdf
ENV-2BAE80FFC89E,PRJ-2024-00043,SIGNED,2020-07-09,Solar_Agreement_PRJ-2024-00043.pdf
ENV-6D8279A5A28B,PRJ-2024-00044,SIGNED,2020-11-28,Solar_Agreement_PRJ-2024-00044.pdf
ENV-6CBE6F80B076,PRJ-2024-00045,PENDING_SIGNATURE,2020-11-17,Solar_Agreement_PRJ-2024-00045.pdf
ENV-7C6D11258A3D,PRJ-2024-00046,DECLINED,2020-10-29,Solar_Agreement_PRJ-2024-00046.pdf
ENV-135050E630D4,PRJ-2024-00047,PENDING_SIGNATURE,2021-03-26,Solar_Agreement_PRJ-2024-00047.pdf
ENV-7E1BBDED128B,PRJ-2024-00048,DECLINED,2021-03-07,Solar_Agreement_PRJ-2024-00048.pdf
ENV-3FF55E87C776,PRJ-2024-00049,PENDING_SIGNATURE,2021-04-17,Solar_Agreement_PRJ-2024-00049.pdf
ENV-EF6E26A462C8,PRJ-2024-00050,NOT_SENT,2020-09-07,Solar_Agreement_PRJ-2024-00050.pdf
ENV-CA0BE47ADC2D,PRJ-2024-00051,DECLINED,2021-04-02,Solar_Agreement_PRJ-2024-00051.pdf
ENV-1E6A5BBA7424,PRJ-2024-00052,DECLINED,2020-09-04,Solar_Agreement_PRJ-2024-00052.pdf
ENV-0667115A8A0D,PRJ-2024-00053,,2020-12-27,Solar_Agreement_PRJ-2024-00053.pdf
ENV-70ED332FEFC4,PRJ-2024-00054,DECLINED,2020-09-24,Solar_Agreement_PRJ-2024-00054.pdf
ENV-516B9C442960,PRJ-2024-00055,NOT_SENT,2020-09-12,Solar_Agreement_PRJ-2024-00055.pdf
ENV-6F3364B37565,PRJ-2024-00056,DECLINED,2021-05-05,Solar_Agreement_PRJ-2024-00056.pdf
ENV-B4465C3D2AE4,PRJ-2024-00057,SIGNED,2020-08-28,Solar_Agreement_PRJ-2024-00057.pdf
ENV-3D10EC191F0C,PRJ-2024-00058,SIGNED,2020-11-11,Solar_Agreement_PRJ-2024-00058.pdf
ENV-505B64F0681F,PRJ-2024-00059,PENDING_SIGNATURE,2020-10-01,Solar_Agreement_PRJ-2024-00059.pdf
ENV-4D561F8FBF5F,PRJ-2024-00060,SIGNED,2020-12-02,Solar_Agreement_PRJ-2024-00060.pdf
ENV-40FDAEFEEA76,PRJ-2024-00061,SIGNED,2020-09-25,Solar_Agreement_PRJ-2024-00061.pdf
ENV-EF6F6136E705,PRJ-2024-00062,NOT_SENT,2020-06-25,Solar_Agreement_PRJ-2024-00062.pdf
ENV-EB65D9ABAE0A,PRJ-2024-00063,SIGNED,2020-05-30,Solar_Agreement_PRJ-2024-00063.pdf
ENV-F0B6AF685946,PRJ-2024-00064,SIGNED,2021-02-27,Solar_Agreement_PRJ-2024-00064.pdf
ENV-C27F4D852EAC,PRJ-2024-00065,PENDING_SIGNATURE,2020-10-21,Solar_Agreement_PRJ-2024-00065.pdf
ENV-61BF53CB7386,PRJ-2024-00066,PENDING_SIGNATURE,2020-07-06,Solar_Agreement_PRJ-2024-00066.pdf
ENV-6687A7D91DE7,PRJ-2024-00067,NOT_SENT,2020-06-19,Solar_Agreement_PRJ-2024-00067.pdf
ENV-9CF7CB77E771,PRJ-2024-00068,NOT_SENT,2021-04-05,Solar_Agreement_PRJ-2024-00068.pdf
ENV-CC79C9AC28F3,PRJ-2024-00069,DECLINED,2021-01-08,Solar_Agreement_PRJ-2024-00069.pdf
ENV-CB1F26D55269,PRJ-2024-00070,PENDING_SIGNATURE,2021-01-07,Solar_Agreement_PRJ-2024-00070.pdf
ENV-E78FFE77DAC4,PRJ-2024-00071,PENDING_SIGNATURE,2020-11-12,Solar_Agreement_PRJ-2024-00071.pdf
ENV-F53D68C39565,PRJ-2024-00072,PENDING_SIGNATURE,2020-06-27,Solar_Agreement_PRJ-2024-00072.pdf
ENV-CDF8821477A1,PRJ-2024-00073,SIGNED,2020-07-01,Solar_Agreement_PRJ-2024-00073.pdf
ENV-97EE3B21007B,PRJ-2024-00074,NOT_SENT,2020-12-18,Solar_Agreement_PRJ-2024-00074.pdf
ENV-5266D5E25C83,PRJ-2024-00075,SIGNED,2020-08-21,Solar_Agreement_PRJ-2024-00075.pdf
ENV-B340319CA10A,PRJ-2024-00076,NOT_SENT,2021-03-12,Solar_Agreement_PRJ-2024-00076.pdf
ENV-30649382B076,PRJ-2024-00077,PENDING_SIGNATURE,2020-10-16,Solar_Agreement_PRJ-2024-00077.pdf
ENV-46DA1B5950AA,PRJ-2024-00078,DECLINED,2020-07-06,Solar_Agreement_PRJ-2024-00078.pdf
ENV-381F1D5EC0DA,PRJ-2024-00079,DECLINED,2020-07-12,Solar_Agreement_PRJ-2024-00079.pdf
ENV-E9F89473E21C,PRJ-2024-00080,NOT_SENT,2020-06-27,Solar_Agreement_PRJ-2024-00080.pdf
ENV-5BE07AE5ED29,PRJ-2024-00081,DECLINED,2020-12-31,Solar_Agreement_PRJ-2024-00081.pdf
ENV-13E1FA8FD8BF,PRJ-2024-00082,SIGNED,2020-08-29,Solar_Agreement_PRJ-2024-00082.pdf
ENV-D7E7AB6E469C,PRJ-2024-00083,SIGNED,2020-12-10,Solar_Agreement_PRJ-2024-00083.pdf
ENV-CC8729F71C67,PRJ-2024-00084,DECLINED,2020-06-20,Solar_Agreement_PRJ-2024-00084.pdf
ENV-B4070ADA08C2,PRJ-2024-00085,PENDING_SIGNATURE,2021-04-11,Solar_Agreement_PRJ-2024-00085.pdf
ENV-9C686EC4601B,PRJ-2024-00086,NOT_SENT,2020-12-25,Solar_Agreement_PRJ-2024-00086.pdf
ENV-B27E56550184,PRJ-2024-00087,DECLINED,2020-06-25,Solar_Agreement_PRJ-2024-00087.pdf
ENV-965AF242DC9B,PRJ-2024-00088,PENDING_SIGNATURE,2021-04-25,Solar_Agreement_PRJ-2024-00088.pdf
ENV-14C2D543E2A0,PRJ-2024-00089,DECLINED,2021-02-04,Solar_Agreement_PRJ-2024-00089.pdf
ENV-75131FF6B334,PRJ-2024-00090,NOT_SENT,2020-12-10,Solar_Agreement_PRJ-2024-00090.pdf
ENV-098A5201C21A,PRJ-2024-00091,DECLINED,2021-02-20,Solar_Agreement_PRJ-2024-00091.pdf
ENV-62D17CF103CA,PRJ-2024-00092,SIGNED,2021-04-16,Solar_Agreement_PRJ-2024-00092.pdf
ENV-CE8111F6E228,PRJ-2024-00093,DECLINED,2020-06-10,Solar_Agreement_PRJ-2024-00093.pdf
ENV-2301F4558D0A,PRJ-2024-00094,SIGNED,2021-04-02,Solar_Agreement_PRJ-2024-00094.pdf
ENV-4E96DB8115F6,PRJ-2024-00095,PENDING_SIGNATURE,2020-07-12,Solar_Agreement_PRJ-2024-00095.pdf
ENV-E494F2E91DDE,PRJ-2024-00096,DECLINED,2021-01-11,Solar_Agreement_PRJ-2024-00096.pdf
ENV-1FEE1CA2A250,PRJ-2024-00097,SIGNED,2020-10-03,Solar_Agreement_PRJ-2024-00097.pdf
ENV-7F8F52BA57D5,PRJ-2024-00098,DECLINED,2020-07-30,Solar_Agreement_PRJ-2024-00098.pdf
ENV-B74B0BC8A093,PRJ-2024-00099,NOT_SENT,2020-08-19,Solar_Agreement_PRJ-2024-00099.pdf
ENV-BB91B42BD234,PRJ-2024-00100,DECLINED,2020-11-28,Solar_Agreement_PRJ-2024-00100.pdf
ENV-F555F3C4C455,PRJ-2024-00101,SIGNED,2021-02-08,Solar_Agreement_PRJ-2024-00101.pdf
ENV-D259D045A1DA,PRJ-2024-00102,NOT_SENT,2021-03-30,Solar_Agreement_PRJ-2024-00102.pdf
ENV-6852F92F41FE,PRJ-2024-00103,DECLINED,2021-02-16,Solar_Agreement_PRJ-2024-00103.pdf
ENV-464A19EF1AE4,PRJ-2024-00104,SIGNED,2021-04-04,Solar_Agreement_PRJ-2024-00104.pdf
ENV-BC4832681480,PRJ-2024-00105,NOT_SENT,2020-11-14,Solar_Agreement_PRJ-2024-00105.pdf
ENV-F96B87D75F30,PRJ-2024-00106,PENDING_SIGNATURE,2020-06-24,Solar_Agreement_PRJ-2024-00106.pdf
ENV-D73A80413E74,PRJ-2024-00107,DECLINED,2021-04-06,Solar_Agreement_PRJ-2024-00107.pdf
ENV-127394152140,PRJ-2024-00108,SIGNED,2020-12-27,Solar_Agreement_PRJ-2024-00108.pdf
ENV-F9E92BB83794,PRJ-2024-00109,PENDING_SIGNATURE,2020-11-27,Solar_Agreement_PRJ-2024-00109.pdf
ENV-191ABE0C8CDD,PRJ-2024-00110,SIGNED,2021-04-17,Solar_Agreement_PRJ-2024-00110.pdf
ENV-A2234AB051E4,PRJ-2024-00111,PENDING_SIGNATURE,2021-03-21,Solar_Agreement_PRJ-2024-00111.pdf
ENV-427231F4CCC6,PRJ-2024-00112,DECLINED,2020-06-01,Solar_Agreement_PRJ-2024-00112.pdf
ENV-FC0EC2B23E43,PRJ-2024-00113,pending_signature,2020-07-21,Solar_Agreement_PRJ-2024-00113.pdf
ENV-6A8232AAC403,PRJ-2024-00114,NOT_SENT,2020-11-04,Solar_Agreement_PRJ-2024-00114.pdf
ENV-41381D215984,PRJ-2024-00115,SIGNED,2020-12-03,Solar_Agreement_PRJ-2024-00115.pdf
ENV-A17593CB378D,PRJ-2024-00116,NOT_SENT,2020-07-09,Solar_Agreement_PRJ-2024-00116.pdf
ENV-ACD23D27A348,PRJ-2024-00117,SIGNED,2021-04-05,Solar_Agreement_PRJ-2024-00117.pdf
ENV-7265478CADA2,PRJ-2024-00118,NOT_SENT,2021-01-22,Solar_Agreement_PRJ-2024-00118.pdf
ENV-27FB092B762C,PRJ-2024-00119,DECLINED,2021-03-11,Solar_Agreement_PRJ-2024-00119.pdf
ENV-8FC8ADDE7443,PRJ-2024-00120,PENDING_SIGNATURE,2020-12-28,Solar_Agreement_PRJ-2024-00120.pdf
ENV-809687F5C77E,PRJ-2024-00121,DECLINED,2020-10-03,Solar_Agreement_PRJ-2024-00121.pdf
ENV-F83EBE1BF6A0,PRJ-2024-00122,NOT_SENT,2020-09-16,Solar_Agreement_PRJ-2024-00122.pdf
ENV-8E44F0A2DEEE,PRJ-2024-00123,PENDING_SIGNATURE,2020-10-30,
ENV-A068DBB388F4,PRJ-2024-00124,PENDING_SIGNATURE,2020-07-10,Solar_Agreement_PRJ-2024-00124.pdf
ENV-95F7000BAB3A,PRJ-2024-00125,PENDING_SIGNATURE,2020-09-27,Solar_Agreement_PRJ-2024-00125.pdf
ENV-1482CBBF7042,PRJ-2024-00126,SIGNED,2021-01-01,Solar_Agreement_PRJ-2024-00126.pdf
ENV-E80FC0952E18,PRJ-2024-00127,SIGNED,2020-06-15,Solar_Agreement_PRJ-2024-00127.pdf
ENV-3AD57421BAA1,PRJ-2024-00128,NOT_SENT,2021-03-22,Solar_Agreement_PRJ-2024-00128.pdf
ENV-ED75AD1EDDF3,PRJ-2024-00129,NOT_SENT,2021-01-02,Solar_Agreement_PRJ-2024-00129.pdf
ENV-A59EF2972C3F,PRJ-2024-00130,DECLINED,2020-09-08,Solar_Agreement_PRJ-2024-00130.pdf
ENV-704E7F841B2E,PRJ-2024-00131,NOT_SENT,2020-11-22,Solar_Agreement_PRJ-2024-00131.pdf
ENV-A4704F10D5FC,PRJ-2024-00132,NOT_SENT,2020-07-20,Solar_Agreement_PRJ-2024-00132.pdf
ENV-771FEF370711,PRJ-2024-00133,NOT_SENT,2021-04-20,Solar_Agreement_PRJ-2024-00133.pdf
ENV-CCD57A24007F,PRJ-2024-00134,PENDING_SIGNATURE,2020-08-02,Solar_Agreement_PRJ-2024-00134.pdf
ENV-47324E985618,PRJ-2024-00135,PENDING_SIGNATURE,2020-12-20,Solar_Agreement_PRJ-2024-00135.pdf
ENV-840C974E4ED7,PRJ-2024-00136,NOT_SENT,2020-05-29,Solar_Agreement_PRJ-2024-00136.pdf
ENV-20539AFEAFC7,PRJ-2024-00137,DECLINED,2020-06-19,Solar_Agreement_PRJ-2024-00137.pdf
ENV-42624BDBC309,PRJ-2024-00138,NOT_SENT,2020-08-03,Solar_Agreement_PRJ-2024-00138.pdf
ENV-CDC2446AEE6D,PRJ-2024-00139,PENDING_SIGNATURE,2020-08-03,Solar_Agreement_PRJ-2024-00139.pdf
ENV-6DE4A861A51A,PRJ-2024-00140,DECLINED,2020-10-01,Solar_Agreement_PRJ-2024-00140.pdf
ENV-09785D1FB230,PRJ-2024-00141,NOT_SENT,2020-06-07,Solar_Agreement_PRJ-2024-00141.pdf
ENV-24E9A639BF9F,PRJ-2024-00142,NOT_SENT,2020-10-10,Solar_Agreement_PRJ-2024-00142.pdf
ENV-5322AA42546A,PRJ-2024-00143,PENDING_SIGNATURE,2021-01-26,Solar_Agreement_PRJ-2024-00143.pdf
ENV-CC38E767835B,PRJ-2024-00144,SIGNED,2020-10-22,Solar_Agreement_PRJ-2024-00144.pdf
ENV-FC429067A5FE,PRJ-2024-00145,SIGNED,2020-10-28,Solar_Agreement_PRJ-2024-00145.pdf
ENV-33802567AD6B,PRJ-2024-00146,DECLINED,2021-02-07,
ENV-F443662A470C,PRJ-2024-00147,SIGNED,2021-02-10,Solar_Agreement_PRJ-2024-00147.pdf
ENV-36F4E954C474,PRJ-2024-00148,NOT_SENT,2020-08-24,Solar_Agreement_PRJ-2024-00148.pdf
ENV-8B1CEA17D3B4,PRJ-2024-00149,DECLINED,2021-04-28,Solar_Agreement_PRJ-2024-00149.pdf
ENV-CDCDB3B711EC,PRJ-2024-00150,DECLINED,2020-12-27,Solar_Agreement_PRJ-2024-00150.pdf
ENV-F726D3811F86,PRJ-2024-00151,DECLINED,2020-06-03,Solar_Agreement_PRJ-2024-00151.pdf
ENV-A8AEB69EA4CB,PRJ-2024-00152,DECLINED,2021-01-06,Solar_Agreement_PRJ-2024-00152.pdf
ENV-5036D4864D5D,PRJ-2024-00153,DECLINED,2021-01-26,Solar_Agreement_PRJ-2024-00153.pdf
ENV-04ECA309A52A,PRJ-2024-00154,PENDING_SIGNATURE,2020-06-04,Solar_Agreement_PRJ-2024-00154.pdf
ENV-411E080B8422,PRJ-2024-00155,DECLINED,2020-12-10,Solar_Agreement_PRJ-2024-00155.pdf
ENV-7E2095EE2214,PRJ-2024-00156,DECLINED,2020-10-07,Solar_Agreement_PRJ-2024-00156.pdf
ENV-FF0F11185715,PRJ-2024-00157,DECLINED,2020-07-20,Solar_Agreement_PRJ-2024-00157.pdf
ENV-7413CE8B3655,PRJ-2024-00158,SIGNED,2021-04-10,Solar_Agreement_PRJ-2024-00158.pdf
ENV-AF100634BEF5,PRJ-2024-00159,DECLINED,2020-08-21,Solar_Agreement_PRJ-2024-00159.pdf
ENV-16C706AA0A5B,PRJ-2024-00160,SIGNED,2021-04-18,Solar_Agreement_PRJ-2024-00160.pdf
ENV-C850A4AF77DE,PRJ-2024-00161,PENDING_SIGNATURE,2020-12-25,Solar_Agreement_PRJ-2024-00161.pdf
ENV-1D291CD7167E,PRJ-2024-00162,DECLINED,2020-09-11,Solar_Agreement_PRJ-2024-00162.pdf
ENV-983803869935,PRJ-2024-00163,DECLINED,2021-01-06,Solar_Agreement_PRJ-2024-00163.pdf
ENV-E69501F5A56F,PRJ-2024-00164,NOT_SENT,2020-06-10,Solar_Agreement_PRJ-2024-00164.pdf
ENV-31BBA63E2CC7,PRJ-2024-00165,PENDING_SIGNATURE,2020-10-01,Solar_Agreement_PRJ-2024-00165.pdf
ENV-1A8F7F645E20,PRJ-2024-00166,SIGNED,2020-12-13,Solar_Agreement_PRJ-2024-00166.pdf
ENV-247CD4FB20AA,PRJ-2024-00167,SIGNED,2020-10-25,Solar_Agreement_PRJ-2024-00167.pdf
ENV-C754C0AD94B4,PRJ-2024-00168,DECLINED,2021-03-26,Solar_Agreement_PRJ-2024-00168.pdf
ENV-0666BBCDD7E8,PRJ-2024-00169,DECLINED,2020-07-10,Solar_Agreement_PRJ-2024-00169.pdf
ENV-7D6EBE93F3F7,PRJ-2024-00170,SIGNED,2020-07-10,Solar_Agreement_PRJ-2024-00170.pdf
ENV-1F21EC658056,PRJ-2024-00171,NOT_SENT,2020-12-20,Solar_Agreement_PRJ-2024-00171.pdf
ENV-61C906D951C1,PRJ-2024-00172,SIGNED,2021-02-08,Solar_Agreement_PRJ-2024-00172.pdf
ENV-62F9C9FC141E,PRJ-2024-00173,DECLINED,2020-11-22,Solar_Agreement_PRJ-2024-00173.pdf
ENV-64ED1BC14105,PRJ-2024-00174,NOT_SENT,2020-07-22,Solar_Agreement_PRJ-2024-00174.pdf
ENV-6FF9D5C5B2FD,PRJ-2024-00175,PENDING_SIGNATURE,2020-07-23,Solar_Agreement_PRJ-2024-00175.pdf
ENV-EDB57D0716CC,PRJ-2024-00176,NOT_SENT,,Solar_Agreement_PRJ-2024-00176.pdf
ENV-5CA0F69746D5,PRJ-2024-00177,NOT_SENT,2020-10-01,Solar_Agreement_PRJ-2024-00177.pdf
ENV-2E2BBDE75645,PRJ-2024-00178,DECLINED,2021-05-04,Solar_Agreement_PRJ-2024-00178.pdf
ENV-D25A3DFC64D4,PRJ-2024-00179,PENDING_SIGNATURE,2021-02-18,Solar_Agreement_PRJ-2024-00179.pdf
ENV-F6A2982697C9,PRJ-2024-00180,DECLINED,2020-08-08,Solar_Agreement_PRJ-2024-00180.pdf
ENV-429B2154CC7E,PRJ-2024-00181,SIGNED,2020-06-22,Solar_Agreement_PRJ-2024-00181.pdf
ENV-6F46C7E770AA,PRJ-2024-00182,DECLINED,2020-06-01,Solar_Agreement_PRJ-2024-00182.pdf
ENV-F628C51AB9DF,PRJ-2024-00183,SIGNED,2021-03-20,Solar_Agreement_PRJ-2024-00183.pdf
ENV-096F168465B1,PRJ-2024-00184,NOT_SENT,2020-12-04,Solar_Agreement_PRJ-2024-00184.pdf
ENV-07ACE30A255E,PRJ-2024-00185,DECLINED,2021-02-26,Solar_Agreement_PRJ-2024-00185.pdf
ENV-1B523B823C1A,PRJ-2024-00186,PENDING_SIGNATURE,2020-07-16,Solar_Agreement_PRJ-2024-00186.pdf
ENV-44773D70DAEC,PRJ-2024-00187,NOT_SENT,2021-05-13,Solar_Agreement_PRJ-2024-00187.pdf
ENV-5C6CBFC95EFE,PRJ-2024-00188,SIGNED,2020-08-25,Solar_Agreement_PRJ-2024-00188.pdf
ENV-594A19319958,PRJ-2024-00189,PENDING_SIGNATURE,2021-03-24,Solar_Agreement_PRJ-2024-00189.pdf
ENV-A4991103318D,PRJ-2024-00190,SIGNED,2020-07-18,Solar_Agreement_PRJ-2024-00190.pdf
ENV-13C59DE62857,PRJ-2024-00191,PENDING_SIGNATURE,2020-07-20,Solar_Agreement_PRJ-2024-00191.pdf
ENV-491DA5E530F0,PRJ-2024-00192,PENDING_SIGNATURE,2020-10-27,Solar_Agreement_PRJ-2024-00192.pdf
ENV-CCAC40A11CCF,PRJ-2024-00193,NOT_SENT,2020-07-18,Solar_Agreement_PRJ-2024-00193.pdf
ENV-1BB6E3B4F52E,PRJ-2024-00194,NOT_SENT,2021-02-27,Solar_Agreement_PRJ-2024-00194.pdf
ENV-96E81A65C4A4,PRJ-2024-00195,DECLINED,2021-03-27,Solar_Agreement_PRJ-2024-00195.pdf
ENV-16E050F19A86,PRJ-2024-00196,DECLINED,2020-10-14,Solar_Agreement_PRJ-2024-00196.pdf
ENV-B84DF5C23CE0,PRJ-2024-00197,NOT_SENT,2021-03-21,Solar_Agreement_PRJ-2024-00197.pdf
ENV-F59AE360F50F,PRJ-2024-00198,SIGNED,2020-10-25,Solar_Agreement_PRJ-2024-00198.pdf
ENV-2BA9FCD18D52,PRJ-2024-00199,NOT_SENT,2020-11-27,Solar_Agreement_PRJ-2024-00199.pdf
ENV-53B746A53D68,PRJ-2024-00200,PENDING_SIGNATURE,2020-08-04,Solar_Agreement_PRJ-2024-00200.pdf
ENV-89ED68B5B024,PRJ-2024-00201,DECLINED,2021-01-28,Solar_Agreement_PRJ-2024-00201.pdf
ENV-6751C82169DA,PRJ-2024-00202,DECLINED,2020-10-08,Solar_Agreement_PRJ-2024-00202.pdf
ENV-DC18A0CE4004,PRJ-2024-00203,SIGNED,2020-12-06,Solar_Agreement_PRJ-2024-00203.pdf
ENV-0F6FE24BC893,PRJ-2024-00204,NOT_SENT,2021-03-30,Solar_Agreement_PRJ-2024-00204.pdf
ENV-69461F560908,PRJ-2024-00205,NOT_SENT,2020-07-27,Solar_Agreement_PRJ-2024-00205.pdf
ENV-CE9AA7B1A270,PRJ-2024-00206,DECLINED,2020-07-30,Solar_Agreement_PRJ-2024-00206.pdf
ENV-4964076035FA,PRJ-2024-00207,NOT_SENT,2021-03-14,Solar_Agreement_PRJ-2024-00207.pdf
ENV-56CF55B68A05,PRJ-2024-00208,NOT_SENT,2020-10-31,Solar_Agreement_PRJ-2024-00208.pdf
ENV-70E6905C7555,PRJ-2024-00209,PENDING_SIGNATURE,2020-06-10,Solar_Agreement_PRJ-2024-00209.pdf
ENV-1FFACE353D12,PRJ-2024-00210,SIGNED,2020-08-20,Solar_Agreement_PRJ-2024-00210.pdf
ENV-1C06198A4956,PRJ-2024-00211,DECLINED,2020-06-15,Solar_Agreement_PRJ-2024-00211.pdf
ENV-8EC274A6EB92,prj-2024-00212,PENDING_SIGNATURE,2021-01-05,Solar_Agreement_PRJ-2024-00212.pdf
ENV-6E7E8ABB1DBF,PRJ-2024-00213,PENDING_SIGNATURE,2020-10-04,Solar_Agreement_PRJ-2024-00213.pdf
ENV-48C4F4CD0790,PRJ-2024-00214,NOT_SENT,2021-01-15,Solar_Agreement_PRJ-2024-00214.pdf
ENV-636A18DB1FCD,PRJ-2024-00215,NOT_SENT,2020-07-28,Solar_Agreement_PRJ-2024-00215.pdf
ENV-BB3D816C0F4E,PRJ-2024-00216,NOT_SENT,2021-01-15,Solar_Agreement_PRJ-2024-00216.pdf
ENV-96C6149096D9,PRJ-2024-00217,PENDING_SIGNATURE,2020-09-16,Solar_Agreement_PRJ-2024-00217.pdf
ENV-8550409A6266,PRJ-2024-00218,PENDING_SIGNATURE,2020-05-17,Solar_Agreement_PRJ-2024-00218.pdf
ENV-030FB23F0B31,PRJ-2024-00219,NOT_SENT,2020-10-08,Solar_Agreement_PRJ-2024-00219.pdf
ENV-305F72476662,PRJ-2024-00220,SIGNED,2020-12-04,Solar_Agreement_PRJ-2024-00220.pdf
ENV-55D36F77599B,PRJ-2024-00221,SIGNED,2020-11-02,Solar_Agreement_PRJ-2024-00221.pdf
ENV-9FA246A4A6AA,PRJ-2024-00222,PENDING_SIGNATURE,2020-07-11,Solar_Agreement_PRJ-2024-00222.pdf
ENV-4826EE5B32EA,PRJ-2024-00223,PENDING_SIGNATURE,2020-08-12,Solar_Agreement_PRJ-2024-00223.pdf
ENV-B1C4BDA32D2A,PRJ-2024-00224,SIGNED,2020-08-17,Solar_Agreement_PRJ-2024-00224.pdf
ENV-82FAAA1A6EFE,PRJ-2024-00225,DECLINED,2020-09-28,Solar_Agreement_PRJ-2024-00225.pdf
ENV-BB5F665EED21,PRJ-2024-00226,SIGNED,2021-04-21,Solar_Agreement_PRJ-2024-00226.pdf
ENV-CCE76C725076,PRJ-2024-00227,NOT_SENT,2020-11-19,Solar_Agreement_PRJ-2024-00227.pdf
ENV-DBF2E622250D,PRJ-2024-00228,NOT_SENT,2020-12-13,Solar_Agreement_PRJ-2024-00228.pdf
ENV-85642CC55E4B,PRJ-2024-00229,DECLINED,2021-02-09,Solar_Agreement_PRJ-2024-00229.pdf
ENV-397CB3C667CE,PRJ-2024-00230,PENDING_SIGNATURE,2020-08-07,Solar_Agreement_PRJ-2024-00230.pdf
ENV-65C1FED87B69,PRJ-2024-00231,DECLINED,2020-06-12,Solar_Agreement_PRJ-2024-00231.pdf
ENV-F1F550599AC9,PRJ-2024-00232,NOT_SENT,2020-05-26,Solar_Agreement_PRJ-2024-00232.pdf
ENV-920DFF49943E,PRJ-2024-00233,NOT_SENT,2021-05-08,Solar_Agreement_PRJ-2024-00233.pdf
ENV-8F94F3C12452,PRJ-2024-00234,PENDING_SIGNATURE,2020-07-23,Solar_Agreement_PRJ-2024-00234.pdf
ENV-7278CB7B27ED,PRJ-2024-00235,PENDING_SIGNATURE,2021-04-14,Solar_Agreement_PRJ-2024-00235.pdf
ENV-9F20F1AB87B0,PRJ-2024-00236,SIGNED,2020-05-26,Solar_Agreement_PRJ-2024-00236.pdf
ENV-13EAF03338F9,PRJ-2024-00237,NOT_SENT,2020-08-02,Solar_Agreement_PRJ-2024-00237.pdf
,PRJ-2024-00238,PENDING_SIGNATURE,2020-06-18,Solar_Agreement_PRJ-2024-00238.pdf
ENV-A8943F935164,PRJ-2024-00239,DECLINED,2020-09-11,Solar_Agreement_PRJ-2024-00239.pdf
ENV-71BFD1CBBC60,PRJ-2024-00240,NOT_SENT,2020-09-13,Solar_Agreement_PRJ-2024-00240.pdf
ENV-E5A3CEFC52AC,PRJ-2024-00241,PENDING_SIGNATURE,2021-03-31,Solar_Agreement_PRJ-2024-00241.pdf
ENV-EE744EEA7476,PRJ-2024-00242,DECLINED,2020-12-10,Solar_Agreement_PRJ-2024-00242.pdf
ENV-7E827BF6C762,PRJ-2024-00243,NOT_SENT,,Solar_Agreement_PRJ-2024-00243.pdf
ENV-EC2E3494B331,PRJ-2024-00244,DECLINED,2020-09-16,Solar_Agreement_PRJ-2024-00244.pdf
ENV-789C6B00D3F3,PRJ-2024-00245,PENDING_SIGNATURE,2020-06-10,Solar_Agreement_PRJ-2024-00245.pdf
ENV-6824C28709BF,PRJ-2024-00246,PENDING_SIGNATURE,2021-01-15,Solar_Agreement_PRJ-2024-00246.pdf
ENV-184D84D7F8A5,PRJ-2024-00247,DECLINED,2020-09-16,Solar_Agreement_PRJ-2024-00247.pdf
ENV-3A7C0FECBA12,PRJ-2024-00248,DECLINED,2021-01-08,Solar_Agreement_PRJ-2024-00248.pdf
ENV-6C9F0DC82B87,PRJ-2024-00249,SIGNED,2021-01-10,Solar_Agreement_PRJ-2024-00249.pdf
ENV-5E687FB18FBC,PRJ-2024-00250,SIGNED,2020-09-25,Solar_Agreement_PRJ-2024-00250.pdf
ENV-498DBA3CCCB4,PRJ-2024-00251,PENDING_SIGNATURE,2020-11-25,Solar_Agreement_PRJ-2024-00251.pdf
ENV-080FFEECBC62,PRJ-2024-00252,DECLINED,2021-01-05,Solar_Agreement_PRJ-2024-00252.pdf
ENV-684F4206C1CC,PRJ-2024-00253,SIGNED,2021-02-07,Solar_Agreement_PRJ-2024-00253.pdf
ENV-B77399FF9982,PRJ-2024-00254,PENDING_SIGNATURE,2020-05-19,Solar_Agreement_PRJ-2024-00254.pdf
ENV-B1E333D4D5C9,PRJ-2024-00255,DECLINED,2020-05-21,Solar_Agreement_PRJ-2024-00255.pdf
ENV-1FF57FC68690,PRJ-2024-00256,SIGNED,2020-07-03,Solar_Agreement_PRJ-2024-00256.pdf
ENV-6630431739CE,PRJ-2024-00257,DECLINED,2020-06-24,Solar_Agreement_PRJ-2024-00257.pdf
ENV-6C28BD7D503A,PRJ-2024-00258,SIGNED,2020-07-01,Solar_Agreement_PRJ-2024-00258.pdf
ENV-623B4EE39D11,PRJ-2024-00259,DECLINED,2020-12-23,Solar_Agreement_PRJ-2024-00259.pdf
ENV-75A7293CB4A9,PRJ-2024-00260,DECLINED,2020-09-30,Solar_Agreement_PRJ-2024-00260.pdf
ENV-7FED4B084A4B,PRJ-2024-00261,SIGNED,2020-08-29,Solar_Agreement_PRJ-2024-00261.pdf
ENV-42D4D223A220,PRJ-2024-00262,DECLINED,2021-04-26,Solar_Agreement_PRJ-2024-00262.pdf
ENV-6B7B75E7A46E,PRJ-2024-00263,SIGNED,2020-07-04,Solar_Agreement_PRJ-2024-00263.pdf
ENV-936F8DAE27E1,PRJ-2024-00264,NOT_SENT,2020-12-31,Solar_Agreement_PRJ-2024-00264.pdf
ENV-41B41F48DC47,PRJ-2024-00265,DECLINED,2020-06-27,Solar_Agreement_PRJ-2024-00265.pdf
ENV-5F64CF461E16,PRJ-2024-00266,PENDING_SIGNATURE,2020-11-30,Solar_Agreement_PRJ-2024-00266.pdf
ENV-D7D83AC54A6F,PRJ-2024-00267,SIGNED,2020-07-21,Solar_Agreement_PRJ-2024-00267.pdf
ENV-32AA8CB06FE7,PRJ-2024-00268,SIGNED,2020-06-29,Solar_Agreement_PRJ-2024-00268.pdf
ENV-5CB929A421B2,PRJ-2024-00269,DECLINED,2020-11-29,Solar_Agreement_PRJ-2024-00269.pdf
ENV-152AC786F6F7,PRJ-2024-00270,NOT_SENT,2020-09-29,Solar_Agreement_PRJ-2024-00270.pdf
ENV-B8654A98CFF2,PRJ-2024-00271,SIGNED,2020-11-15,Solar_Agreement_PRJ-2024-00271.pdf
ENV-F15BAAEA4CB3,PRJ-2024-00272,NOT_SENT,2020-05-18,Solar_Agreement_PRJ-2024-00272.pdf
ENV-01D5DBA694B5,PRJ-2024-00273,PENDING_SIGNATURE,2020-10-15,Solar_Agreement_PRJ-2024-00273.pdf
ENV-8E2B5D582EFD,PRJ-2024-00274,DECLINED,2021-03-05,Solar_Agreement_PRJ-2024-00274.pdf
ENV-2181EB2BD997,PRJ-2024-00275,PENDING_SIGNATURE,2021-03-14,Solar_Agreement_PRJ-2024-00275.pdf
ENV-4F7315720882,PRJ-2024-00276,SIGNED,2020-12-10,Solar_Agreement_PRJ-2024-00276.pdf
ENV-D56C93D786A2,PRJ-2024-00277,DECLINED,2021-03-17,Solar_Agreement_PRJ-2024-00277.pdf
ENV-DB0D4D1B40D4,PRJ-2024-00278,SIGNED,2020-07-09,Solar_Agreement_PRJ-2024-00278.pdf
ENV-47F3858F4377,PRJ-2024-00279,DECLINED,2020-07-08,Solar_Agreement_PRJ-2024-00279.pdf
ENV-0396B4787EAC,PRJ-2024-00280,PENDING_SIGNATURE,2020-12-29,Solar_Agreement_PRJ-2024-00280.pdf
ENV-68B5F5955ED8,PRJ-2024-00281,SIGNED,2021-01-17,Solar_Agreement_PRJ-2024-00281.pdf
ENV-079740837DFF,PRJ-2024-00282,NOT_SENT,2020-11-06,Solar_Agreement_PRJ-2024-00282.pdf
ENV-325A1F67FD48,PRJ-2024-00283,NOT_SENT,2020-06-18,Solar_Agreement_PRJ-2024-00283.pdf
ENV-0C0EC063E9FC,PRJ-2024-00284,PENDING_SIGNATURE,2021-02-21,Solar_Agreement_PRJ-2024-00284.pdf
ENV-6C24FC96E3FD,PRJ-2024-00285,PENDING_SIGNATURE,2020-08-18,Solar_Agreement_PRJ-2024-00285.pdf
ENV-69B6922A5B3B,PRJ-2024-00286,DECLINED,2020-05-17,Solar_Agreement_PRJ-2024-00286.pdf
ENV-654DEC15187C,PRJ-2024-00287,PENDING_SIGNATURE,2020-11-18,Solar_Agreement_PRJ-2024-00287.pdf
ENV-CB1088F3FCDE,PRJ-2024-00288,DECLINED,2021-03-23,Solar_Agreement_PRJ-2024-00288.pdf
ENV-78ED2E55F960,PRJ-2024-00289,NOT_SENT,2021-03-25,Solar_Agreement_PRJ-2024-00289.pdf
ENV-C023F2EBF6F0,PRJ-2024-00290,NOT_SENT,2021-05-05,Solar_Agreement_PRJ-2024-00290.pdf
ENV-B6729A86328E,PRJ-2024-00291,DECLINED,2021-04-05,Solar_Agreement_PRJ-2024-00291.pdf
ENV-FF07135022FD,PRJ-2024-00292,NOT_SENT,2020-12-31,Solar_Agreement_PRJ-2024-00292.pdf
ENV-7404D9D1D67B,PRJ-2024-00293,DECLINED,2020-12-10,Solar_Agreement_PRJ-2024-00293.pdf
ENV-04B18BA7C728,PRJ-2024-00294,NOT_SENT,2020-05-31,Solar_Agreement_PRJ-2024-00294.pdf
ENV-0A38984EADC8,PRJ-2024-00295,SIGNED,2021-03-04,Solar_Agreement_PRJ-2024-00295.pdf
ENV-236467757AC2,PRJ-2024-00296,PENDING_SIGNATURE,2020-12-18,Solar_Agreement_PRJ-2024-00296.pdf
ENV-4068A5599C4F,PRJ-2024-00297,SIGNED,2020-12-25,Solar_Agreement_PRJ-2024-00297.pdf
ENV-4D2DFEF2A08A,PRJ-2024-00298,DECLINED,2020-08-07,Solar_Agreement_PRJ-2024-00298.pdf
ENV-76753086A4CC,PRJ-2024-00299,NOT_SENT,2021-03-16,Solar_Agreement_PRJ-2024-00299.pdf
ENV-EF76E09C839B,PRJ-2024-00300,SIGNED,2020-07-23,Solar_Agreement_PRJ-2024-00300.pdf
ENV-BF47421DC293,PRJ-2024-00301,NOT_SENT,2020-09-18,Solar_Agreement_PRJ-2024-00301.pdf
ENV-708B1F6BC8D5,PRJ-2024-00302,SIGNED,2021-04-04,Solar_Agreement_PRJ-2024-00302.pdf
ENV-49CF31C91781,PRJ-2024-00303,SIGNED,2020-07-01,Solar_Agreement_PRJ-2024-00303.pdf
ENV-6BD41E4C881D,PRJ-2024-00304,PENDING_SIGNATURE,2021-01-23,Solar_Agreement_PRJ-2024-00304.pdf
ENV-593C272FFD11,PRJ-2024-00305,NOT_SENT,2021-04-29,Solar_Agreement_PRJ-2024-00305.pdf
ENV-0F297FDF5551,PRJ-2024-00306,DECLINED,2021-01-03,Solar_Agreement_PRJ-2024-00306.pdf
ENV-4F72799A97C4,PRJ-2024-00307,SIGNED,2021-04-15,Solar_Agreement_PRJ-2024-00307.pdf
ENV-7CAC5AF77F2A,PRJ-2024-00308,NOT_SENT,2021-05-08,Solar_Agreement_PRJ-2024-00308.pdf
ENV-FBE9DB1AB43F,PRJ-2024-00309,PENDING_SIGNATURE,2021-03-14,Solar_Agreement_PRJ-2024-00309.pdf
ENV-9D1CC740CFBF,PRJ-2024-00310,DECLINED,2020-06-20,Solar_Agreement_PRJ-2024-00310.pdf
ENV-7A82F8DDC4E1,PRJ-2024-00311,NOT_SENT,2020-07-24,Solar_Agreement_PRJ-2024-00311.pdf
ENV-CF2B8E6C800B,PRJ-2024-00312,PENDING_SIGNATURE,2020-12-26,Solar_Agreement_PRJ-2024-00312.pdf
ENV-CC683905A0C5,PRJ-2024-00313,DECLINED,2020-09-03,Solar_Agreement_PRJ-2024-00313.pdf
ENV-A9FC7F4E6AB9,PRJ-2024-00314,NOT_SENT,2020-07-25,Solar_Agreement_PRJ-2024-00314.pdf
ENV-609A37AA08E1,PRJ-2024-00315,SIGNED,2021-04-17,Solar_Agreement_PRJ-2024-00315.pdf
ENV-EBC236EF3452,PRJ-2024-00316,SIGNED,2020-09-14,Solar_Agreement_PRJ-2024-00316.pdf
ENV-DCD1808DEDBF,PRJ-2024-00317,NOT_SENT,2020-10-24,Solar_Agreement_PRJ-2024-00317.pdf
ENV-A008D5B68D51,PRJ-2024-00318,SIGNED,2021-03-11,Solar_Agreement_PRJ-2024-00318.pdf
ENV-C0000B16E649,PRJ-2024-00319,DECLINED,2020-12-17,Solar_Agreement_PRJ-2024-00319.pdf
ENV-8C6818A7EE3B,PRJ-2024-00320,SIGNED,2021-01-31,Solar_Agreement_PRJ-2024-00320.pdf
ENV-35AF02CF1726,PRJ-2024-00321,PENDING_SIGNATURE,2020-06-13,Solar_Agreement_PRJ-2024-00321.pdf
ENV-40C2D3C17380,PRJ-2024-00322,SIGNED,2021-05-12,Solar_Agreement_PRJ-2024-00322.pdf
env-147f34f4f847,PRJ-2024-00323,PENDING_SIGNATURE,2020-11-21,Solar_Agreement_PRJ-2024-00323.pdf
ENV-463BFBDECA08,PRJ-2024-00324,SIGNED,2020-09-26,Solar_Agreement_PRJ-2024-00324.pdf
ENV-1FA7235D6BDB,PRJ-2024-00325,PENDING_SIGNATURE,2020-11-19,Solar_Agreement_PRJ-2024-00325.pdf
ENV-487805C98258,PRJ-2024-00326,SIGNED,2020-05-21,Solar_Agreement_PRJ-2024-00326.pdf
ENV-25DBA44B1C0A,PRJ-2024-00327,DECLINED,2020-09-06,Solar_Agreement_PRJ-2024-00327.pdf
ENV-0F3B5D53B930,PRJ-2024-00328,NOT_SENT,2020-07-15,Solar_Agreement_PRJ-2024-00328.pdf
ENV-60027B2CA2D6,PRJ-2024-00329,DECLINED,2020-10-06,Solar_Agreement_PRJ-2024-00329.pdf
ENV-B48C7DB1B9FE,PRJ-2024-00330,NOT_SENT,2021-03-29,Solar_Agreement_PRJ-2024-00330.pdf
ENV-03B4E01F3F8E,PRJ-2024-00331,PENDING_SIGNATURE,2020-05-18,Solar_Agreement_PRJ-2024-00331.pdf
ENV-A80A47014A6C,PRJ-2024-00332,DECLINED,2020-10-19,Solar_Agreement_PRJ-2024-00332.pdf
ENV-172483DA7330,PRJ-2024-00333,NOT_SENT,2020-07-01,Solar_Agreement_PRJ-2024-00333.pdf
ENV-AD8EF07B243F,PRJ-2024-00334,SIGNED,2021-01-28,Solar_Agreement_PRJ-2024-00334.pdf
ENV-2D0F479FE92B,PRJ-2024-00335,NOT_SENT,2020-09-25,Solar_Agreement_PRJ-2024-00335.pdf
ENV-6007C33CAAF2,PRJ-2024-00336,PENDING_SIGNATURE,2021-03-10,Solar_Agreement_PRJ-2024-00336.pdf
ENV-96BA19CFA967,PRJ-2024-00337,NOT_SENT,2020-08-29,Solar_Agreement_PRJ-2024-00337.pdf
ENV-FEF6A81C0380,PRJ-2024-00338,NOT_SENT,2021-05-10,Solar_Agreement_PRJ-2024-00338.pdf
ENV-84BF13ACF83F,PRJ-2024-00339,NOT_SENT,2020-12-03,Solar_Agreement_PRJ-2024-00339.pdf
ENV-DF2806972DAC,PRJ-2024-00340,PENDING_SIGNATURE,2020-07-02,Solar_Agreement_PRJ-2024-00340.pdf
ENV-401A7B175F74,PRJ-2024-00341,DECLINED,2020-11-21,Solar_Agreement_PRJ-2024-00341.pdf
ENV-51069FB74AC9,PRJ-2024-00342,SIGNED,2020-10-31,Solar_Agreement_PRJ-2024-00342.pdf
ENV-FDB1A09B5A22,PRJ-2024-00343,SIGNED,2020-11-26,Solar_Agreement_PRJ-2024-00343.pdf
ENV-CF33E78D1DA4,PRJ-2024-00344,PENDING_SIGNATURE,2020-06-01,Solar_Agreement_PRJ-2024-00344.pdf
ENV-D68421474943,PRJ-2024-00345,DECLINED,2020-06-15,Solar_Agreement_PRJ-2024-00345.pdf
ENV-2CA0D939E29C,PRJ-2024-00346,SIGNED,2020-11-26,Solar_Agreement_PRJ-2024-00346.pdf
ENV-B8F63F3024CC,PRJ-2024-00347,DECLINED,2020-09-30,Solar_Agreement_PRJ-2024-00347.pdf
ENV-2267E9A61EEC,PRJ-2024-00348,NOT_SENT,2021-03-10,Solar_Agreement_PRJ-2024-00348.pdf
ENV-BA5EB25AFA88,PRJ-2024-00349,PENDING_SIGNATURE,2021-03-05,Solar_Agreement_PRJ-2024-00349.pdf
ENV-73CEC33F4448,PRJ-2024-00350,SIGNED,2021-05-10,Solar_Agreement_PRJ-2024-00350.pdf
ENV-3827B32DF259,PRJ-2024-00351,PENDING_SIGNATURE,2021-01-21,Solar_Agreement_PRJ-2024-00351.pdf
ENV-B906F9C081BA,PRJ-2024-00352,SIGNED,2020-10-31,Solar_Agreement_PRJ-2024-00352.pdf
ENV-AE89919B2B8D,PRJ-2024-00353,PENDING_SIGNATURE,2021-03-11,Solar_Agreement_PRJ-2024-00353.pdf
ENV-0A3E9F4E8D1D,PRJ-2024-00354,SIGNED,2020-11-03,Solar_Agreement_PRJ-2024-00354.pdf
ENV-4E8B50F8348A,PRJ-2024-00355,NOT_SENT,2020-09-06,Solar_Agreement_PRJ-2024-00355.pdf
ENV-E873856661BB,PRJ-2024-00356,DECLINED,2021-03-01,Solar_Agreement_PRJ-2024-00356.pdf
ENV-2070144FE0DF,PRJ-2024-00357,PENDING_SIGNATURE,2020-10-31,Solar_Agreement_PRJ-2024-00357.pdf
ENV-0C893843F286,PRJ-2024-00358,SIGNED,2020-09-27,Solar_Agreement_PRJ-2024-00358.pdf
ENV-4D4312024E38,PRJ-2024-00359,DECLINED,2020-12-15,Solar_Agreement_PRJ-2024-00359.pdf
ENV-CCAE581C1D63,PRJ-2024-00360,DECLINED,2021-03-06,Solar_Agreement_PRJ-2024-00360.pdf
ENV-1E9564EF3627,PRJ-2024-00361,NOT_SENT,2020-07-07,Solar_Agreement_PRJ-2024-00361.pdf
ENV-F079444F175D,PRJ-2024-00362,NOT_SENT,2021-03-15,Solar_Agreement_PRJ-2024-00362.pdf
ENV-46C4B2F89BFA,PRJ-2024-00363,SIGNED,2020-07-05,Solar_Agreement_PRJ-2024-00363.pdf
ENV-98390F15E97B,PRJ-2024-00364,NOT_SENT,2020-10-14,Solar_Agreement_PRJ-2024-00364.pdf
ENV-92279312F9E4,PRJ-2024-00365,NOT_SENT,2020-05-16,Solar_Agreement_PRJ-2024-00365.pdf
ENV-C5C345C902DE,PRJ-2024-00366,SIGNED,2020-08-28,Solar_Agreement_PRJ-2024-00366.pdf
ENV-A4B3E4B2F0DA,PRJ-2024-00367,DECLINED,2021-04-18,Solar_Agreement_PRJ-2024-00367.pdf
ENV-614D53F4D777,PRJ-2024-00368,DECLINED,2020-06-06,Solar_Agreement_PRJ-2024-00368.pdf
ENV-8AA69BA8CCEC,PRJ-2024-00369,SIGNED,2020-06-27,Solar_Agreement_PRJ-2024-00369.pdf
ENV-F0EEEE0FF3DF,PRJ-2024-00370,DECLINED,2021-02-06,Solar_Agreement_PRJ-2024-00370.pdf
ENV-29B01DFC5589,PRJ-2024-00371,DECLINED,2021-05-15,Solar_Agreement_PRJ-2024-00371.pdf
ENV-FAF1AEB36326,PRJ-2024-00372,PENDING_SIGNATURE,2020-07-18,Solar_Agreement_PRJ-2024-00372.pdf
ENV-E9A4C407E45D,PRJ-2024-00373,NOT_SENT,2020-10-25,Solar_Agreement_PRJ-2024-00373.pdf
ENV-753C7225B1BE,PRJ-2024-00374,DECLINED,2020-05-21,Solar_Agreement_PRJ-2024-00374.pdf
ENV-B3DAF1731333,PRJ-2024-00375,SIGNED,2020-07-08,Solar_Agreement_PRJ-2024-00375.pdf
ENV-48CADF973043,PRJ-2024-00376,DECLINED,2021-03-03,Solar_Agreement_PRJ-2024-00376.pdf
ENV-313D2ECAE307,PRJ-2024-00377,DECLINED,2020-06-03,Solar_Agreement_PRJ-2024-00377.pdf
ENV-75D5C6D3A1EA,PRJ-2024-00378,NOT_SENT,2020-10-17,Solar_Agreement_PRJ-2024-00378.pdf
ENV-320D8B168BEE,PRJ-2024-00379,DECLINED,2020-10-26,Solar_Agreement_PRJ-2024-00379.pdf
ENV-25F9CA48C6FD,PRJ-2024-00380,DECLINED,2021-02-03,Solar_Agreement_PRJ-2024-00380.pdf
ENV-DC0B9AC3B84D,PRJ-2024-00381,PENDING_SIGNATURE,2021-02-07,Solar_Agreement_PRJ-2024-00381.pdf
ENV-37D2A9208EBB,PRJ-2024-00382,DECLINED,2020-06-09,Solar_Agreement_PRJ-2024-00382.pdf
ENV-0FA8B4C1068B,PRJ-2024-00383,SIGNED,2021-04-28,Solar_Agreement_PRJ-2024-00383.pdf
ENV-52F4DDCA4597,PRJ-2024-00384,NOT_SENT,2020-11-07,Solar_Agreement_PRJ-2024-00384.pdf
ENV-2E2707D1B3A4,PRJ-2024-00385,PENDING_SIGNATURE,2020-09-05,Solar_Agreement_PRJ-2024-00385.pdf
ENV-B2C4322D4C2E,PRJ-2024-00386,PENDING_SIGNATURE,2021-04-11,Solar_Agreement_PRJ-2024-00386.pdf
ENV-810E68ADCD52,PRJ-2024-00387,NOT_SENT,2021-01-05,Solar_Agreement_PRJ-2024-00387.pdf
ENV-26730A8BA7B9,PRJ-2024-00388,SIGNED,2020-05-18,Solar_Agreement_PRJ-2024-00388.pdf
ENV-DF9B8ED11991,PRJ-2024-00389,SIGNED,2021-01-16,Solar_Agreement_PRJ-2024-00389.pdf
ENV-84C836813B70,PRJ-2024-00390,PENDING_SIGNATURE,2021-02-03,Solar_Agreement_PRJ-2024-00390.pdf
ENV-4C5BEA722FB5,PRJ-2024-00391,DECLINED,2020-10-13,Solar_Agreement_PRJ-2024-00391.pdf
ENV-F16E69B2DF1C,PRJ-2024-00392,NOT_SENT,2021-05-15,Solar_Agreement_PRJ-2024-00392.pdf
ENV-6EF9D73FCCC4,PRJ-2024-00393,SIGNED,2021-01-11,Solar_Agreement_PRJ-2024-00393.pdf
ENV-55DAEB2DB5F8,PRJ-2024-00394,NOT_SENT,2020-09-06,Solar_Agreement_PRJ-2024-00394.pdf
ENV-2A6DBA57CE7D,PRJ-2024-00395,DECLINED,2020-06-11,Solar_Agreement_PRJ-2024-00395.pdf
ENV-96C6F16BDC02,PRJ-2024-00396,DECLINED,2021-02-10,Solar_Agreement_PRJ-2024-00396.pdf
ENV-804A871547B1,PRJ-2024-00397,DECLINED,2021-03-02,Solar_Agreement_PRJ-2024-00397.pdf
ENV-A6FAF5333479,PRJ-2024-00398,PENDING_SIGNATURE,2020-10-22,Solar_Agreement_PRJ-2024-00398.pdf
ENV-22BED8A51656,PRJ-2024-00399,SIGNED,2020-07-20,Solar_Agreement_PRJ-2024-00399.pdf
ENV-26DA44C824EC,PRJ-2024-00400,PENDING_SIGNATURE,2020-11-22,Solar_Agreement_PRJ-2024-00400.pdf
ENV-847A51BF7653,PRJ-2024-00401,NOT_SENT,2020-07-20,Solar_Agreement_PRJ-2024-00401.pdf
ENV-B1CA4884BC48,PRJ-2024-00402,NOT_SENT,2021-01-03,Solar_Agreement_PRJ-2024-00402.pdf
ENV-A6637BCFA7A8,PRJ-2024-00403,PENDING_SIGNATURE,,Solar_Agreement_PRJ-2024-00403.pdf
ENV-D30774170C7D,PRJ-2024-00404,PENDING_SIGNATURE,2020-07-17,Solar_Agreement_PRJ-2024-00404.pdf
ENV-AB47556B1440,PRJ-2024-00405,SIGNED,2021-04-18,Solar_Agreement_PRJ-2024-00405.pdf
ENV-B5A9D55092E1,PRJ-2024-00406,NOT_SENT,2021-01-12,Solar_Agreement_PRJ-2024-00406.pdf
ENV-53336B650975,PRJ-2024-00407,PENDING_SIGNATURE,2020-12-15,Solar_Agreement_PRJ-2024-00407.pdf
ENV-62FF7BA26816,PRJ-2024-00408,PENDING_SIGNATURE,2020-09-26,Solar_Agreement_PRJ-2024-00408.pdf
ENV-1891E625EE4A,PRJ-2024-00409,DECLINED,2020-08-29,Solar_Agreement_PRJ-2024-00409.pdf
ENV-5BEF8BBEDBB8,PRJ-2024-00410,DECLINED,2020-07-30,Solar_Agreement_PRJ-2024-00410.pdf
ENV-E8713BFB4358,PRJ-2024-00411,DECLINED,2020-06-09,Solar_Agreement_PRJ-2024-00411.pdf
ENV-5A264A16BA71,PRJ-2024-00412,SIGNED,2020-06-07,Solar_Agreement_PRJ-2024-00412.pdf
ENV-1C76FBC5D0B7,PRJ-2024-00413,NOT_SENT,2020-11-06,Solar_Agreement_PRJ-2024-00413.pdf
ENV-4888A875214E,PRJ-2024-00414,DECLINED,2021-04-12,Solar_Agreement_PRJ-2024-00414.pdf
ENV-B34F84561C8C,PRJ-2024-00415,DECLINED,2021-03-02,Solar_Agreement_PRJ-2024-00415.pdf
ENV-B24ADAEB5D2E,PRJ-2024-00416,PENDING_SIGNATURE,2021-01-17,Solar_Agreement_PRJ-2024-00416.pdf
ENV-FE123D64657A,PRJ-2024-00417,PENDING_SIGNATURE,2021-04-22,Solar_Agreement_PRJ-2024-00417.pdf
ENV-AD9B35BDB39E,PRJ-2024-00418,NOT_SENT,2021-04-19,Solar_Agreement_PRJ-2024-00418.pdf
ENV-CF5686EA5AAD,PRJ-2024-00419,DECLINED,2021-01-23,Solar_Agreement_PRJ-2024-00419.pdf
ENV-285A13144D45,PRJ-2024-00420,PENDING_SIGNATURE,2021-02-20,Solar_Agreement_PRJ-2024-00420.pdf
ENV-8AC89E75ADF6,PRJ-2024-00421,DECLINED,2020-12-29,Solar_Agreement_PRJ-2024-00421.pdf
ENV-4A6E759F6028,PRJ-2024-00422,SIGNED,2021-02-24,Solar_Agreement_PRJ-2024-00422.pdf
ENV-3755CA98AD2E,PRJ-2024-00423,DECLINED,2020-11-05,Solar_Agreement_PRJ-2024-00423.pdf
ENV-BBCB51B447FE,PRJ-2024-00424,DECLINED,2021-04-16,Solar_Agreement_PRJ-2024-00424.pdf
ENV-FFE8566CD1D7,PRJ-2024-00425,NOT_SENT,2021-02-19,Solar_Agreement_PRJ-2024-00425.pdf
ENV-270F9D907E34,PRJ-2024-00426,SIGNED,2020-09-22,Solar_Agreement_PRJ-2024-00426.pdf
ENV-AD59ED24513E,PRJ-2024-00427,NOT_SENT,2020-07-09,Solar_Agreement_PRJ-2024-00427.pdf
ENV-0AE3796CEF82,PRJ-2024-00428,PENDING_SIGNATURE,2021-01-25,Solar_Agreement_PRJ-2024-00428.pdf
ENV-F2E409E087DD,PRJ-2024-00429,PENDING_SIGNATURE,2020-07-19,Solar_Agreement_PRJ-2024-00429.pdf
ENV-AD045E4DF7CD,PRJ-2024-00430,PENDING_SIGNATURE,2020-10-02,Solar_Agreement_PRJ-2024-00430.pdf
ENV-4D34E59A9717,PRJ-2024-00431,NOT_SENT,2021-05-09,Solar_Agreement_PRJ-2024-00431.pdf
ENV-705FC05DD4C0,PRJ-2024-00432,NOT_SENT,2021-04-24,Solar_Agreement_PRJ-2024-00432.pdf
ENV-32553A3A0286,PRJ-2024-00433,DECLINED,2021-03-09,Solar_Agreement_PRJ-2024-00433.pdf
ENV-E8E4ADDFDC73,PRJ-2024-00434,SIGNED,2020-05-27,Solar_Agreement_PRJ-2024-00434.pdf
ENV-2B39D61261C7,PRJ-2024-00435,NOT_SENT,2020-07-28,Solar_Agreement_PRJ-2024-00435.pdf
ENV-DDD1DC27EEEF,PRJ-2024-00436,PENDING_SIGNATURE,2021-04-11,Solar_Agreement_PRJ-2024-00436.pdf
ENV-11A067F368B8,PRJ-2024-00437,DECLINED,2021-04-30,Solar_Agreement_PRJ-2024-00437.pdf
ENV-C400EDFC538B,PRJ-2024-00438,PENDING_SIGNATURE,2021-04-04,Solar_Agreement_PRJ-2024-00438.pdf
ENV-1365062D8721,PRJ-2024-00439,PENDING_SIGNATURE,2021-04-29,Solar_Agreement_PRJ-2024-00439.pdf
ENV-6F7507290E13,PRJ-2024-00440,NOT_SENT,2021-02-23,Solar_Agreement_PRJ-2024-00440.pdf
ENV-71EEFAE2CC42,PRJ-2024-00441,PENDING_SIGNATURE,2020-06-04,Solar_Agreement_PRJ-2024-00441.pdf
ENV-2863D19DD231,PRJ-2024-00442,NOT_SENT,2020-06-21,Solar_Agreement_PRJ-2024-00442.pdf
ENV-029B92A4815E,PRJ-2024-00443,DECLINED,2021-02-17,Solar_Agreement_PRJ-2024-00443.pdf
ENV-14A5120919A2,PRJ-2024-00444,NOT_SENT,2020-09-03,Solar_Agreement_PRJ-2024-00444.pdf
ENV-E426823B3CAB,PRJ-2024-00445,PENDING_SIGNATURE,2021-04-08,Solar_Agreement_PRJ-2024-00445.pdf
ENV-6410418034E6,PRJ-2024-00446,NOT_SENT,2021-02-15,Solar_Agreement_PRJ-2024-00446.pdf
ENV-B20E8BA1F9F5,PRJ-2024-00447,DECLINED,2020-06-06,Solar_Agreement_PRJ-2024-00447.pdf
ENV-55E00826ADD8,PRJ-2024-00448,SIGNED,2021-03-31,Solar_Agreement_PRJ-2024-00448.pdf
ENV-7A55CD5E1812,PRJ-2024-00449,DECLINED,2021-04-11,Solar_Agreement_PRJ-2024-00449.pdf
ENV-EED4E2B29F22,PRJ-2024-00450,SIGNED,2020-08-14,Solar_Agreement_PRJ-2024-00450.pdf
ENV-FD8625DA4987,PRJ-2024-00451,DECLINED,2020-12-22,Solar_Agreement_PRJ-2024-00451.pdf
ENV-703C688CB98F,PRJ-2024-00452,SIGNED,2021-05-08,Solar_Agreement_PRJ-2024-00452.pdf
ENV-9A0E34F29CDE,PRJ-2024-00453,DECLINED,2020-11-26,Solar_Agreement_PRJ-2024-00453.pdf
ENV-8721C4921AD3,PRJ-2024-00454,NOT_SENT,2021-04-04,Solar_Agreement_PRJ-2024-00454.pdf
ENV-A9C7447E4615,PRJ-2024-00455,SIGNED,2020-06-05,Solar_Agreement_PRJ-2024-00455.pdf
ENV-F6730653950B,PRJ-2024-00456,PENDING_SIGNATURE,2020-12-12,Solar_Agreement_PRJ-2024-00456.pdf
ENV-4DDA52CF38EF,PRJ-2024-00457,SIGNED,2021-02-20,Solar_Agreement_PRJ-2024-00457.pdf
ENV-D626C2781B1F,PRJ-2024-00458,DECLINED,2020-10-31,Solar_Agreement_PRJ-2024-00458.pdf
ENV-75AB24B292FA,PRJ-2024-00459,DECLINED,2020-10-30,Solar_Agreement_PRJ-2024-00459.pdf
ENV-8928294D7FFF,PRJ-2024-00460,NOT_SENT,2020-12-20,Solar_Agreement_PRJ-2024-00460.pdf
ENV-37ECC110AE7D,PRJ-2024-00461,PENDING_SIGNATURE,2021-04-27,Solar_Agreement_PRJ-2024-00461.pdf
ENV-EA83FF2D5930,PRJ-2024-00462,PENDING_SIGNATURE,2021-04-10,Solar_Agreement_PRJ-2024-00462.pdf
ENV-1E72F937588B,PRJ-2024-00463,SIGNED,2020-06-22,Solar_Agreement_PRJ-2024-00463.pdf
ENV-4C06FB13B811,PRJ-2024-00464,NOT_SENT,2021-02-17,Solar_Agreement_PRJ-2024-00464.pdf
ENV-F566BE9207E1,PRJ-2024-00465,DECLINED,2021-01-26,Solar_Agreement_PRJ-2024-00465.pdf
ENV-EA8C370FF931,PRJ-2024-00466,PENDING_SIGNATURE,2021-02-02,Solar_Agreement_PRJ-2024-00466.pdf
ENV-3AC169B1F499,PRJ-2024-00467,SIGNED,2020-09-04,Solar_Agreement_PRJ-2024-00467.pdf
ENV-79AE5366D971,PRJ-2024-00468,NOT_SENT,2020-11-29,Solar_Agreement_PRJ-2024-00468.pdf
ENV-C8FDBF8B0595,PRJ-2024-00469,NOT_SENT,2020-09-26,Solar_Agreement_PRJ-2024-00469.pdf
ENV-1858E01BAC29,PRJ-2024-00470,SIGNED,2021-02-03,Solar_Agreement_PRJ-2024-00470.pdf
ENV-B2A48C6B2B4F,PRJ-2024-00471,SIGNED,2021-01-26,Solar_Agreement_PRJ-2024-00471.pdf
ENV-D6F93724B94A,PRJ-2024-00472,PENDING_SIGNATURE,2020-08-03,Solar_Agreement_PRJ-2024-00472.pdf
ENV-79C5650B7DF3,PRJ-2024-00473,DECLINED,2021-01-15,Solar_Agreement_PRJ-2024-00473.pdf
ENV-A26792C29EC1,PRJ-2024-00474,PENDING_SIGNATURE,2020-07-22,Solar_Agreement_PRJ-2024-00474.pdf
ENV-DA98FC1ABC27,PRJ-2024-00475,DECLINED,2021-03-17,Solar_Agreement_PRJ-2024-00475.pdf
ENV-D3CAFA05635A,PRJ-2024-00476,DECLINED,2021-01-16,Solar_Agreement_PRJ-2024-00476.pdf
ENV-8D545707A574,PRJ-2024-00477,NOT_SENT,2020-08-08,Solar_Agreement_PRJ-2024-00477.pdf
ENV-83312D288BE5,PRJ-2024-00478,SIGNED,2020-05-23,Solar_Agreement_PRJ-2024-00478.pdf
ENV-B1CDAB0B4F10,PRJ-2024-00479,SIGNED,2021-02-11,Solar_Agreement_PRJ-2024-00479.pdf
ENV-6758E1FD5066,PRJ-2024-00480,DECLINED,2021-02-06,Solar_Agreement_PRJ-2024-00480.pdf
ENV-7D82BAFA9A44,PRJ-2024-00481,NOT_SENT,2021-03-12,Solar_Agreement_PRJ-2024-00481.pdf
ENV-255BE27924F4,PRJ-2024-00482,DECLINED,2020-09-23,Solar_Agreement_PRJ-2024-00482.pdf
ENV-3AED46D7C02A,PRJ-2024-00483,PENDING_SIGNATURE,2021-05-02,Solar_Agreement_PRJ-2024-00483.pdf
ENV-D8D21177183A,PRJ-2024-00484,DECLINED,2021-02-28,Solar_Agreement_PRJ-2024-00484.pdf
ENV-5504D47FA949,PRJ-2024-00485,DECLINED,2020-08-14,Solar_Agreement_PRJ-2024-00485.pdf
ENV-D2BE0DE91CC4,PRJ-2024-00486,PENDING_SIGNATURE,2021-04-17,Solar_Agreement_PRJ-2024-00486.pdf
ENV-1BC4421F35EE,PRJ-2024-00487,DECLINED,2020-11-04,Solar_Agreement_PRJ-2024-00487.pdf
ENV-0C861F0D6BED,PRJ-2024-00488,DECLINED,2020-06-29,Solar_Agreement_PRJ-2024-00488.pdf
ENV-04D2998290AE,PRJ-2024-00489,NOT_SENT,2021-05-14,Solar_Agreement_PRJ-2024-00489.pdf
ENV-56B5D0DBD53A,PRJ-2024-00490,NOT_SENT,2020-08-22,Solar_Agreement_PRJ-2024-00490.pdf
ENV-CCA07463A6D8,PRJ-2024-00491,SIGNED,2020-08-03,Solar_Agreement_PRJ-2024-00491.pdf
ENV-F4B72245FFF0,PRJ-2024-00492,SIGNED,2021-05-10,Solar_Agreement_PRJ-2024-00492.pdf
ENV-68B165D19BCB,PRJ-2024-00493,NOT_SENT,2020-09-07,Solar_Agreement_PRJ-2024-00493.pdf
ENV-08646233E9B2,PRJ-2024-00494,DECLINED,2021-01-29,Solar_Agreement_PRJ-2024-00494.pdf
ENV-F866B8D4BABD,PRJ-2024-00495,NOT_SENT,2021-05-05,Solar_Agreement_PRJ-2024-00495.pdf
ENV-A3E39B869296,PRJ-2024-00496,DECLINED,2021-03-11,Solar_Agreement_PRJ-2024-00496.pdf
ENV-130336E1D2A9,PRJ-2024-00497,DECLINED,2020-11-11,Solar_Agreement_PRJ-2024-00497.pdf
ENV-48CC1208EDCC,PRJ-2024-00498,DECLINED,2021-04-24,Solar_Agreement_PRJ-2024-00498.pdf
ENV-DD8D1163BD5D,PRJ-2024-00499,NOT_SENT,2020-08-16,Solar_Agreement_PRJ-2024-00499.pdf
ENV-E4F9E9D3B996,PRJ-2024-00500,PENDING_SIGNATURE,2020-09-19,Solar_Agreement_PRJ-2024-00500.pdf
