customer_ref,project_reference,customer,installed_capacity,region,record_status
Customer 1,PRJ-2024-00001,Customer 1,5.9,TX,SUSPENDED
Customer 2,PRJ-2024-00002,Customer 2,5.8,CA,SUSPENDED
Customer 3,PRJ-2024-00003,Customer 3,12.7,MA,PENDING
Customer 4,PRJ-2024-00004,Customer 4,4.1,NY,PENDING
Customer 5,PRJ-2024-00005,Customer 5,14.7,MA,PENDING
Customer 6,PRJ-2024-00006,Customer 6,10.9,NY,SUSPENDED
Customer 7,PRJ-2024-00007,Customer 7,5.0,MA,ACTIVE
Customer 8,PRJ-2024-00008,Customer 8,8.5,FL,PENDING
Customer 9,PRJ-2024-00009,Customer 9,7.8,NY,PENDING
Customer 10,PRJ-2024-00010,Customer 10,4.7,MA,PENDING
Customer 11,PRJ-2024-00011,Customer 11,7.3,CO,ACTIVE
Customer 12,PRJ-2024-00012,Customer 12,10.2,FL,PENDING
Customer 13,PRJ-2024-00013,Customer 13,12.0,CA,PENDING
Customer 14,PRJ-2024-00014,Customer 14,12.1,CA,PENDING
Customer 15,PRJ-2024-00015,Customer 15,14.4,NV,SUSPENDED
Customer 16,PRJ-2024-00016,Customer 16,5.9,TX,SUSPENDED
Customer 17,PRJ-2024-00017,Customer 17,10.9,WA,SUSPENDED
Customer 18,PRJ-2024-00018,Customer 18,11.6,WA,SUSPENDED
Customer 19,PRJ-2024-00019,Customer 19,7.1,NY,PENDING
Customer 20,PRJ-2024-00020,Customer 20,3.8,TX,PENDING
Customer 21,PRJ-2024-00021,Customer 21,4.6,MA,SUSPENDED
Customer 22,PRJ-2024-00022,Customer 22,10.9,NY,ACTIVE
Customer 23,PRJ-2024-00023,Customer 23,11.7,TX,SUSPENDED
Customer 24,PRJ-2024-00024,Customer 24,8.6,CO,ACTIVE
Customer 25,PRJ-2024-00025,Customer 25,14.1,WA,SUSPENDED
Customer 26,PRJ-2024-00026,Customer 26,7.5,CO,SUSPENDED
Customer 27,PRJ-2024-00027,Customer 27,4.9,WA,ACTIVE
Customer 28,PRJ-2024-00028,Customer 28,8.7,CA,ACTIVE
Customer 29,PRJ-2024-00029,Customer 29,7.8,TX,ACTIVE
Customer 30,PRJ-2024-00030,Customer 30,9.8,TX,PENDING
Customer 31,PRJ-2024-00031,Customer 31,11.1,AZ,ACTIVE
Customer 32,PRJ-2024-00032,Customer 32,3.9,OR,PENDING
Customer 33,PRJ-2024-00033,Customer 33,4.9,NY,ACTIVE
Customer 34,PRJ-2024-00034,Customer 34,14.3,WA,PENDING
Customer 35,PRJ-2024-00035,Customer 35,5.4,AZ,ACTIVE
Customer 36,PRJ-2024-00036,Customer 36,3.0,CO,SUSPENDED
Customer 37,PRJ-2024-00037,Customer 37,14.3,CA,PENDING
Customer 38,PRJ-2024-00038,Customer 38,7.4,FL,PENDING
Customer 39,PRJ-2024-00039,Customer 39,13.6,TX,PENDING
Customer 40,PRJ-2024-00040,Customer 40,11.8,CO,PENDING
Customer 41,,Customer 41,13.3,TX,PENDING
Customer 42,PRJ-2024-00042,Customer 42,7.8,NY,SUSPENDED
Customer 43,PRJ-2024-00043,Customer 43,4.4,WA,ACTIVE
Customer 44,PRJ-2024-00044,Customer 44,11.7,OR,ACTIVE
Customer 45,PRJ-2024-00045,Customer 45,3.5,OR,PENDING
Customer 46,PRJ-2024-00046,Customer 46,10.5,CO,SUSPENDED
Customer 47,PRJ-2024-00047,Customer 47,9.7,CO,PENDING
Customer 48,PRJ-2024-00048,Customer 48,9.6,OR,SUSPENDED
Customer 49,PRJ-2024-00049,Customer 49,8.6,OR,PENDING
Customer 50,PRJ-2024-00050,Customer 50,11.0,TX,PENDING
Customer 51,PRJ-2024-00051,Customer 51,3.6,NY,SUSPENDED
Customer 52,PRJ-2024-00052,Customer 52,8.9,OR,SUSPENDED
Customer 53,PRJ-2024-00053,Customer 53,9.7,FL,PENDING
Customer 54,PRJ-2024-00054,Customer 54,8.1,OR,SUSPENDED
Customer 55,PRJ-2024-00055,Customer 55,8.8,NY,PENDING
Customer 56,PRJ-2024-00056,Customer 56,13.7,AZ,SUSPENDED
Customer 57,PRJ-2024-00057,Customer 57,8.0,FL,ACTIVE
Customer 58,PRJ-2024-00058,Customer 58,14.4,CO,ACTIVE
Customer 59,PRJ-2024-00059,Customer 59,9.5,AZ,PENDING
Customer 60,PRJ-2024-00060,Customer 60,7.7,CO,ACTIVE
Customer 61,PRJ-2024-00061,Customer 61,4.0,OR,ACTIVE
Customer 62,PRJ-2024-00062,Customer 62,8.5,CO,PENDING
Customer 63,PRJ-2024-00063,Customer 63,3.6,MA,ACTIVE
Customer 64,PRJ-2024-00064,Customer 64,10.5,NY,ACTIVE
Customer 65,PRJ-2024-00065,Customer 65,12.2,NY,PENDING
Customer 66,PRJ-2024-00066,Customer 66,9.9,TX,PENDING
Customer 67,PRJ-2024-00067,Customer 67,12.4,AZ,PENDING
Customer 68,PRJ-2024-00068,Customer 68,3.2,WA,PENDING
Customer 69,PRJ-2024-00069,Customer 69,8.2,MA,SUSPENDED
Customer 70,PRJ-2024-00070,Customer 70,6.2,CO,PENDING
Customer 71,PRJ-2024-00071,Customer 71,7.0,OR,PENDING
Customer 72,PRJ-2024-00072,Customer 72,13.6,AZ,PENDING
Customer 73,PRJ-2024-00073,Customer 73,9.7,NY,ACTIVE
Customer 74,PRJ-2024-00074,Customer 74,11.3,AZ,PENDING
Customer 75,PRJ-2024-00075,Customer 75,11.4,WA,ACTIVE
Customer 76,PRJ-2024-00076,Customer 76,14.4,NV,PENDING
Customer 77,PRJ-2024-00077,Customer 77,14.8,WA,PENDING
Customer 78,PRJ-2024-00078,Customer 78,3.5,CA,SUSPENDED
Customer 79,PRJ-2024-00079,Customer 79,8.7,CA,SUSPENDED
Customer 80,PRJ-2024-00080,Customer 80,3.9,TX,PENDING
Customer 81,PRJ-2024-00081,Customer 81,12.2,NY,SUSPENDED
Customer 82,PRJ-2024-00082,Customer 82,14.9,MA,ACTIVE
Customer 83,PRJ-2024-00083,Customer 83,4.9,NY,ACTIVE
Customer 84,PRJ-2024-00084,Customer 84,8.6,MA,SUSPENDED
Customer 85,PRJ-2024-00085,Customer 85,10.9,NY,PENDING
Customer 86,prj-2024-00086,Customer 86,3.9,FL,PENDING
Customer 87,PRJ-2024-00087,Customer 87,11.4,TX,SUSPENDED
Customer 88,PRJ-2024-00088,Customer 88,11.8,OR,PENDING
Customer 89,PRJ-2024-00089,Customer 89,15.0,OR,SUSPENDED
Customer 90,PRJ-2024-00090,Customer 90,15.0,MA,PENDING
Customer 91,PRJ-2024-00091,Customer 91,13.3,NV,SUSPENDED
Customer 92,PRJ-2024-00092,Customer 92,6.8,CA,ACTIVE
Customer 93,PRJ-2024-00093,Customer 93,3.7,WA,SUSPENDED
Customer 94,PRJ-2024-00094,Customer 94,4.6,NY,ACTIVE
Customer 95,PRJ-2024-00095,Customer 95,6.7,OR,PENDING
Customer 96,PRJ-2024-00096,Customer 96,9.0,MA,SUSPENDED
Customer 97,PRJ-2024-00097,Customer 97,4.7,NY,ACTIVE
Customer 98,PRJ-2024-00098,Customer 98,6.2,CO,SUSPENDED
Customer 99,PRJ-2024-00099,Customer 99,7.1,MA,PENDING
Customer 100,PRJ-2024-00100,Customer 100,13.3,NY,SUSPENDED
Customer 101,PRJ-2024-00101,Customer 101,4.5,FL,ACTIVE
Customer 102,PRJ-2024-00102,Customer 102,7.9,MA,PENDING
Customer 103,PRJ-2024-00103,Customer 103,13.2,CO,SUSPENDED
Customer 104,PRJ-2024-00104,Customer 104,10.6,CA,ACTIVE
Customer 105,PRJ-2024-00105,Customer 105,11.3,TX,PENDING
Customer 106,PRJ-2024-00106,Customer 106,5.9,NV,PENDING
Customer 107,PRJ-2024-00107,Customer 107,11.2,OR,SUSPENDED
Customer 108,PRJ-2024-00108,Customer 108,11.0,AZ,ACTIVE
Customer 109,PRJ-2024-00109,Customer 109,10.7,NV,PENDING
Customer 110,PRJ-2024-00110,Customer 110,7.6,MA,ACTIVE
Customer 111,PRJ-2024-00111,Customer 111,9.8,CO,PENDING
Customer 112,PRJ-2024-00112,Customer 112,10.5,NV,SUSPENDED
Customer 113,PRJ-2024-00113,Customer 113,4.1,OR,PENDING
Customer 114,PRJ-2024-00114,Customer 114,9.0,WA,PENDING
Customer 115,PRJ-2024-00115,Customer 115,4.7,TX,ACTIVE
Customer 116,PRJ-2024-00116,Customer 116,4.5,CA,PENDING
Customer 117,PRJ-2024-00117,,10.4,NY,ACTIVE
Customer 118,PRJ-2024-00118,Customer 118,10.8,MA,PENDING
Customer 119,PRJ-2024-00119,Customer 119,13.6,TX,SUSPENDED
Customer 120,PRJ-2024-00120,Customer 120,13.0,FL,PENDING
Customer 121,PRJ-2024-00121,Customer 121,4.2,MA,
Customer 122,PRJ-2024-00122,Customer 122,4.1,NY,PENDING
Customer 123,PRJ-2024-00123,Customer 123,13.0,FL,PENDING
Customer 124,PRJ-2024-00124,Customer 124,13.3,FL,PENDING
Customer 125,PRJ-2024-00125,Customer 125,7.3,CA,PENDING
Customer 126,PRJ-2024-00126,Customer 126,9.3,CA,ACTIVE
Customer 127,PRJ-2024-00127,Customer 127,3.5,WA,ACTIVE
Customer 128,PRJ-2024-00128,Customer 128,11.2,MA,PENDING
Customer 129,PRJ-2024-00129,Customer 129,6.3,fl,PENDING
Customer 130,PRJ-2024-00130,Customer 130,4.2,WA,SUSPENDED
Customer 131,PRJ-2024-00131,Customer 131,7.8,CO,PENDING
Customer 132,PRJ-2024-00132,Customer 132,4.1,FL,PENDING
Customer 133,PRJ-2024-00133,Customer 133,14.5,WA,PENDING
Customer 134,PRJ-2024-00134,Customer 134,14.6,CO,PENDING
Customer 135,PRJ-2024-00135,Customer 135,7.2,MA,PENDING
Customer 136,PRJ-2024-00136,Customer 136,11.1,WA,PENDING
Customer 137,PRJ-2024-00137,Customer 137,14.1,FL,SUSPENDED
Customer 138,PRJ-2024-00138,Customer 138,12.0,FL,PENDING
Customer 139,PRJ-2024-00139,Customer 139,12.3,NV,PENDING
Customer 140,PRJ-2024-00140,Customer 140,6.3,OR,SUSPENDED
Customer 141,PRJ-2024-00141,Customer 141,8.2,NY,PENDING
Customer 142,PRJ-2024-00142,Customer 142,3.7,NY,PENDING
Customer 143,PRJ-2024-00143,Customer 143,9.0,NV,PENDING
Customer 144,PRJ-2024-00144,Customer 144,3.9,WA,ACTIVE
Customer 145,PRJ-2024-00145,Customer 145,7.9,OR,ACTIVE
Customer 146,PRJ-2024-00146,Customer 146,4.1,FL,SUSPENDED
Customer 147,PRJ-2024-00147,Customer 147,11.9,TX,ACTIVE
Customer 148,PRJ-2024-00148,Customer 148,7.2,WA,PENDING
Customer 149,PRJ-2024-00149,Customer 149,5.1,FL,SUSPENDED
Customer 150,PRJ-2024-00150,Customer 150,6.9,OR,SUSPENDED
Customer 151,PRJ-2024-00151,Customer 151,3.7,AZ,SUSPENDED
Customer 152,PRJ-2024-00152,Customer 152,3.9,CA,SUSPENDED
Customer 153,PRJ-2024-00153,Customer 153,8.4,OR,SUSPENDED
Customer 154,PRJ-2024-00154,Customer 154,4.2,FL,PENDING
Customer 155,PRJ-2024-00155,Customer 155,9.3,NY,SUSPENDED
Customer 156,PRJ-2024-00156,Customer 156,3.6,NV,SUSPENDED
Customer 157,PRJ-2024-00157,Customer 157,4.0,AZ,SUSPENDED
Customer 158,PRJ-2024-00158,Customer 158,6.7,OR,ACTIVE
Customer 159,PRJ-2024-00159,Customer 159,3.2,CO,SUSPENDED
Customer 160,PRJ-2024-00160,Customer 160,3.9,NY,ACTIVE
Customer 161,PRJ-2024-00161,Customer 161,10.2,NV,PENDING
Customer 162,PRJ-2024-00162,Customer 162,11.1,CA,SUSPENDED
Customer 163,PRJ-2024-00163,Customer 163,14.6,WA,SUSPENDED
Customer 164,PRJ-2024-00164,Customer 164,9.3,AZ,PENDING
Customer 165,PRJ-2024-00165,Customer 165,14.2,MA,PENDING
Customer 166,PRJ-2024-00166,Customer 166,13.0,MA,ACTIVE
Customer 167,PRJ-2024-00167,Customer 167,7.5,CA,ACTIVE
Customer 168,PRJ-2024-00168,Customer 168,4.7,TX,SUSPENDED
Customer 169,PRJ-2024-00169,Customer 169,6.1,CA,SUSPENDED
Customer 170,PRJ-2024-00170,Customer 170,4.5,AZ,ACTIVE
Customer 171,PRJ-2024-00171,Customer 171,3.2,MA,PENDING
Customer 172,PRJ-2024-00172,,9.8,CA,ACTIVE
Customer 173,PRJ-2024-00173,Customer 173,9.6,WA,SUSPENDED
Customer 174,PRJ-2024-00174,Customer 174,12.5,AZ,PENDING
Customer 175,PRJ-2024-00175,Customer 175,7.1,CA,PENDING
Customer 176,PRJ-2024-00176,Customer 176,6.5,TX,PENDING
Customer 177,PRJ-2024-00177,Customer 177,6.0,CO,PENDING
Customer 178,PRJ-2024-00178,Customer 178,13.7,TX,SUSPENDED
Customer 179,PRJ-2024-00179,Customer 179,6.2,MA,PENDING
Customer 180,PRJ-2024-00180,Customer 180,4.0,AZ,SUSPENDED
Customer 181,PRJ-2024-00181,Customer 181,3.5,MA,ACTIVE
Customer 182,PRJ-2024-00182,Customer 182,12.6,CO,SUSPENDED
Customer 183,PRJ-2024-00183,Customer 183,12.3,FL,ACTIVE
Customer 184,PRJ-2024-00184,Customer 184,7.5,FL,PENDING
Customer 185,PRJ-2024-00185,Customer 185,6.0,,SUSPENDED
Customer 186,PRJ-2024-00186,Customer 186,11.4,TX,PENDING
Customer 187,PRJ-2024-00187,Customer 187,5.1,FL,PENDING
Customer 188,PRJ-2024-00188,Customer 188,13.2,TX,ACTIVE
Customer 189,PRJ-2024-00189,Customer 189,3.3,FL,PENDING
Customer 190,PRJ-2024-00190,Customer 190,7.8,TX,ACTIVE
Customer 191,PRJ-2024-00191,Customer 191,8.4,NV,PENDING
Customer 192,PRJ-2024-00192,Customer 192,13.0,CO,PENDING
Customer 193,PRJ-2024-00193,Customer 193,13.7,NY,PENDING
Customer 194,PRJ-2024-00194,Customer 194,10.7,AZ,PENDING
Customer 195,PRJ-2024-00195,Customer 195,3.5,CA,SUSPENDED
Customer 196,PRJ-2024-00196,Customer 196,6.5,CA,SUSPENDED
Customer 197,PRJ-2024-00197,Customer 197,4.9,MA,PENDING
Customer 198,PRJ-2024-00198,Customer 198,11.8,FL,ACTIVE
Customer 199,PRJ-2024-00199,Customer 199,6.2,NY,PENDING
Customer 200,PRJ-2024-00200,Customer 200,14.6,OR,PENDING
Customer 201,PRJ-2024-00201,Customer 201,9.0,MA,SUSPENDED
Customer 202,PRJ-2024-00202,Customer 202,10.0,MA,SUSPENDED
Customer 203,PRJ-2024-00203,Customer 203,8.2,WA,ACTIVE
customer 204,PRJ-2024-00204,Customer 204,9.6,CA,PENDING
Customer 205,PRJ-2024-00205,Customer 205,14.7,OR,PENDING
Customer 206,PRJ-2024-00206,Customer 206,3.5,NY,SUSPENDED
Customer 207,PRJ-2024-00207,Customer 207,6.9,OR,PENDING
Customer 208,PRJ-2024-00208,Customer 208,9.4,NV,PENDING
Customer 209,PRJ-2024-00209,Customer 209,6.7,TX,PENDING
Customer 210,PRJ-2024-00210,Customer 210,9.3,OR,ACTIVE
Customer 211,PRJ-2024-00211,Customer 211,8.0,CA,SUSPENDED
Customer 212,PRJ-2024-00212,Customer 212,6.9,FL,PENDING
Customer 213,PRJ-2024-00213,Customer 213,7.3,WA,PENDING
Customer 214,PRJ-2024-00214,Customer 214,14.3,WA,PENDING
Customer 215,PRJ-2024-00215,Customer 215,6.5,NV,PENDING
Customer 216,PRJ-2024-00216,Customer 216,14.5,AZ,PENDING
Customer 217,PRJ-2024-00217,Customer 217,6.3,NY,PENDING
Customer 218,PRJ-2024-00218,Customer 218,3.6,CA,PENDING
Customer 219,PRJ-2024-00219,Customer 219,10.8,WA,PENDING
Customer 220,PRJ-2024-00220,Customer 220,5.8,CA,ACTIVE
Customer 221,PRJ-2024-00221,Customer 221,13.5,MA,ACTIVE
Customer 222,PRJ-2024-00222,Customer 222,9.3,AZ,PENDING
Customer 223,PRJ-2024-00223,Customer 223,10.8,NV,PENDING
Customer 224,PRJ-2024-00224,Customer 224,12.9,OR,ACTIVE
Customer 225,PRJ-2024-00225,Customer 225,14.2,FL,SUSPENDED
Customer 226,PRJ-2024-00226,Customer 226,11.7,NV,ACTIVE
Customer 227,PRJ-2024-00227,Customer 227,4.9,TX,PENDING
Customer 228,PRJ-2024-00228,Customer 228,14.5,OR,PENDING
Customer 229,PRJ-2024-00229,Customer 229,12.6,WA,SUSPENDED
Customer 230,PRJ-2024-00230,Customer 230,4.3,NV,PENDING
Customer 231,PRJ-2024-00231,Customer 231,4.4,NV,SUSPENDED
Customer 232,PRJ-2024-00232,Customer 232,8.0,MA,PENDING
Customer 233,PRJ-2024-00233,Customer 233,11.9,CO,PENDING
Customer 234,PRJ-2024-00234,Customer 234,14.8,TX,PENDING
Customer 235,PRJ-2024-00235,Customer 235,8.4,CO,PENDING
Customer 236,PRJ-2024-00236,Customer 236,14.9,NV,ACTIVE
Customer 237,PRJ-2024-00237,Customer 237,8.1,AZ,PENDING
Customer 238,PRJ-2024-00238,Customer 238,3.4,AZ,PENDING
Customer 239,PRJ-2024-00239,Customer 239,10.2,TX,SUSPENDED
Customer 240,PRJ-2024-00240,Customer 240,4.7,WA,PENDING
Customer 241,PRJ-2024-00241,Customer 241,5.7,AZ,PENDING
Customer 242,PRJ-2024-00242,Customer 242,3.6,CO,SUSPENDED
Customer 243,PRJ-2024-00243,Customer 243,5.2,FL,PENDING
Customer 244,PRJ-2024-00244,Customer 244,9.7,FL,SUSPENDED
Customer 245,PRJ-2024-00245,Customer 245,10.8,AZ,PENDING
Customer 246,PRJ-2024-00246,Customer 246,10.2,AZ,PENDING
Customer 247,PRJ-2024-00247,Customer 247,14.5,NY,SUSPENDED
Customer 248,PRJ-2024-00248,Customer 248,7.8,OR,SUSPENDED
Customer 249,PRJ-2024-00249,Customer 249,6.7,WA,ACTIVE
Customer 250,PRJ-2024-00250,Customer 250,6.8,NV,ACTIVE
Customer 251,PRJ-2024-00251,Customer 251,11.6,WA,PENDING
Customer 252,PRJ-2024-00252,Customer 252,9.6,OR,SUSPENDED
Customer 253,PRJ-2024-00253,Customer 253,4.7,FL,ACTIVE
Customer 254,PRJ-2024-00254,Customer 254,12.2,CA,PENDING
Customer 255,PRJ-2024-00255,Customer 255,3.7,NY,SUSPENDED
Customer 256,PRJ-2024-00256,Customer 256,14.7,CA,ACTIVE
Customer 257,PRJ-2024-00257,Customer 257,5.3,WA,SUSPENDED
Customer 258,PRJ-2024-00258,Customer 258,9.8,NV,ACTIVE
Customer 259,PRJ-2024-00259,Customer 259,9.6,CO,SUSPENDED
Customer 260,PRJ-2024-00260,Customer 260,13.7,NV,SUSPENDED
Customer 261,PRJ-2024-00261,Customer 261,13.8,CA,ACTIVE
Customer 262,PRJ-2024-00262,Customer 262,14.1,OR,SUSPENDED
Customer 263,PRJ-2024-00263,Customer 263,12.1,WA,ACTIVE
Customer 264,PRJ-2024-00264,Customer 264,7.1,CO,PENDING
Customer 265,PRJ-2024-00265,Customer 265,9.6,MA,SUSPENDED
Customer 266,PRJ-2024-00266,Customer 266,11.6,OR,PENDING
Customer 267,PRJ-2024-00267,Customer 267,4.1,NV,ACTIVE
Customer 268,PRJ-2024-00268,Customer 268,8.4,TX,ACTIVE
Customer 269,PRJ-2024-00269,Customer 269,10.2,NV,SUSPENDED
Customer 270,PRJ-2024-00270,Customer 270,9.3,TX,PENDING
Customer 271,PRJ-2024-00271,Customer 271,5.0,MA,ACTIVE
Customer 272,PRJ-2024-00272,Customer 272,10.1,AZ,PENDING
Customer 273,PRJ-2024-00273,Customer 273,7.6,CO,PENDING
Customer 274,PRJ-2024-00274,Customer 274,8.7,NV,SUSPENDED
Customer 275,PRJ-2024-00275,Customer 275,6.4,NY,PENDING
Customer 276,PRJ-2024-00276,Customer 276,3.3,WA,ACTIVE
Customer 277,PRJ-2024-00277,Customer 277,5.9,MA,SUSPENDED
Customer 278,PRJ-2024-00278,Customer 278,9.4,MA,ACTIVE
Customer 279,PRJ-2024-00279,Customer 279,10.8,NY,SUSPENDED
Customer 280,PRJ-2024-00280,Customer 280,5.7,CA,PENDING
Customer 281,PRJ-2024-00281,Customer 281,12.3,NV,ACTIVE
Customer 282,PRJ-2024-00282,Customer 282,14.0,TX,PENDING
Customer 283,PRJ-2024-00283,Customer 283,8.8,MA,PENDING
Customer 284,PRJ-2024-00284,Customer 284,3.3,AZ,PENDING
Customer 285,PRJ-2024-00285,Customer 285,8.1,FL,PENDING
Customer 286,PRJ-2024-00286,Customer 286,11.8,CO,SUSPENDED
Customer 287,PRJ-2024-00287,Customer 287,12.0,NY,PENDING
Customer 288,PRJ-2024-00288,Customer 288,4.4,NV,SUSPENDED
Customer 289,PRJ-2024-00289,Customer 289,7.2,CO,PENDING
Customer 290,PRJ-2024-00290,Customer 290,6.8,OR,PENDING
Customer 291,PRJ-2024-00291,Customer 291,10.2,FL,SUSPENDED
Customer 292,PRJ-2024-00292,Customer 292,9.7,WA,PENDING
Customer 293,PRJ-2024-00293,Customer 293,14.4,OR,SUSPENDED
Customer 294,PRJ-2024-00294,Customer 294,8.9,MA,PENDING
Customer 295,PRJ-2024-00295,Customer 295,6.5,AZ,ACTIVE
Customer 296,PRJ-2024-00296,Customer 296,12.9,TX,PENDING
Customer 297,PRJ-2024-00297,Customer 297,13.5,TX,ACTIVE
Customer 298,PRJ-2024-00298,Customer 298,12.7,TX,SUSPENDED
Customer 299,PRJ-2024-00299,Customer 299,12.8,OR,PENDING
Customer 300,PRJ-2024-00300,Customer 300,14.7,WA,ACTIVE
Customer 301,PRJ-2024-00301,Customer 301,13.4,CO,PENDING
Customer 302,PRJ-2024-00302,Customer 302,9.9,CO,ACTIVE
Customer 303,PRJ-2024-00303,Customer 303,12.0,TX,ACTIVE
Customer 304,PRJ-2024-00304,Customer 304,13.2,MA,PENDING
Customer 305,PRJ-2024-00305,Customer 305,7.1,AZ,PENDING
Customer 306,PRJ-2024-00306,Customer 306,10.5,CA,SUSPENDED
Customer 307,PRJ-2024-00307,Customer 307,14.9,CA,ACTIVE
Customer 308,PRJ-2024-00308,Customer 308,7.5,NV,PENDING
Customer 309,PRJ-2024-00309,Customer 309,11.4,NY,PENDING
Customer 310,PRJ-2024-00310,Customer 310,3.1,NY,SUSPENDED
Customer 311,PRJ-2024-00311,Customer 311,11.8,NY,PENDING
Customer 312,PRJ-2024-00312,Customer 312,3.8,CO,PENDING
Customer 313,PRJ-2024-00313,Customer 313,10.5,NV,SUSPENDED
Customer 314,PRJ-2024-00314,Customer 314,12.0,TX,PENDING
Customer 315,PRJ-2024-00315,Customer 315,6.0,NY,ACTIVE
Customer 316,PRJ-2024-00316,Customer 316,10.3,AZ,ACTIVE
Customer 317,PRJ-2024-00317,Customer 317,5.9,MA,PENDING
Customer 318,PRJ-2024-00318,Customer 318,8.1,FL,ACTIVE
Customer 319,PRJ-2024-00319,Customer 319,5.6,TX,SUSPENDED
Customer 320,PRJ-2024-00320,Customer 320,9.5,CO,ACTIVE
Customer 321,PRJ-2024-00321,Customer 321,6.9,NY,PENDING
Customer 322,PRJ-2024-00322,Customer 322,4.4,NY,ACTIVE
Customer 323,PRJ-2024-00323,Customer 323,9.0,FL,PENDING
Customer 324,PRJ-2024-00324,Customer 324,12.3,FL,ACTIVE
Customer 325,PRJ-2024-00325,Customer 325,9.0,OR,PENDING
Customer 326,PRJ-2024-00326,Customer 326,13.7,FL,ACTIVE
Customer 327,PRJ-2024-00327,Customer 327,7.4,NY,SUSPENDED
Customer 328,PRJ-2024-00328,Customer 328,14.0,NV,PENDING
Customer 329,PRJ-2024-00329,Customer 329,5.2,WA,SUSPENDED
Customer 330,PRJ-2024-00330,Customer 330,9.6,AZ,PENDING
Customer 331,PRJ-2024-00331,Customer 331,10.1,NY,PENDING
Customer 332,PRJ-2024-00332,Customer 332,9.5,CO,SUSPENDED
Customer 333,PRJ-2024-00333,Customer 333,14.8,TX,PENDING
Customer 334,PRJ-2024-00334,Customer 334,8.0,CA,ACTIVE
Customer 335,PRJ-2024-00335,,10.1,FL,PENDING
Customer 336,PRJ-2024-00336,Customer 336,6.8,NV,PENDING
Customer 337,PRJ-2024-00337,Customer 337,5.0,TX,PENDING
Customer 338,PRJ-2024-00338,Customer 338,6.2,MA,PENDING
Customer 339,PRJ-2024-00339,Customer 339,13.0,OR,PENDING
Customer 340,PRJ-2024-00340,Customer 340,6.1,WA,PENDING
Customer 341,PRJ-2024-00341,Customer 341,4.5,MA,SUSPENDED
Customer 342,PRJ-2024-00342,Customer 342,3.3,TX,ACTIVE
Customer 343,PRJ-2024-00343,Customer 343,3.6,TX,ACTIVE
Customer 344,PRJ-2024-00344,Customer 344,5.6,CO,PENDING
Customer 345,PRJ-2024-00345,Customer 345,5.9,OR,SUSPENDED
Customer 346,PRJ-2024-00346,Customer 346,4.6,TX,ACTIVE
Customer 347,PRJ-2024-00347,Customer 347,12.4,NV,SUSPENDED
Customer 348,PRJ-2024-00348,Customer 348,10.2,FL,PENDING
Customer 349,PRJ-2024-00349,Customer 349,6.0,NY,PENDING
Customer 350,PRJ-2024-00350,Customer 350,5.1,CO,ACTIVE
Customer 351,PRJ-2024-00351,Customer 351,4.7,NV,PENDING
Customer 352,PRJ-2024-00352,Customer 352,5.8,CA,ACTIVE
Customer 353,PRJ-2024-00353,Customer 353,7.1,OR,PENDING
Customer 354,prj-2024-00354,Customer 354,13.3,FL,ACTIVE
Customer 355,PRJ-2024-00355,Customer 355,14.7,AZ,PENDING
Customer 356,PRJ-2024-00356,Customer 356,6.7,OR,SUSPENDED
Customer 357,PRJ-2024-00357,Customer 357,6.8,CA,PENDING
Customer 358,PRJ-2024-00358,Customer 358,14.8,TX,ACTIVE
Customer 359,PRJ-2024-00359,Customer 359,7.2,NY,SUSPENDED
Customer 360,PRJ-2024-00360,Customer 360,13.6,FL,SUSPENDED
Customer 361,PRJ-2024-00361,Customer 361,3.9,NY,PENDING
Customer 362,PRJ-2024-00362,Customer 362,13.7,TX,PENDING
Customer 363,PRJ-2024-00363,Customer 363,8.2,OR,ACTIVE
Customer 364,PRJ-2024-00364,Customer 364,7.9,NV,PENDING
Customer 365,PRJ-2024-00365,Customer 365,7.7,NY,PENDING
Customer 366,PRJ-2024-00366,Customer 366,12.9,CO,ACTIVE
Customer 367,PRJ-2024-00367,Customer 367,8.7,FL,SUSPENDED
Customer 368,PRJ-2024-00368,Customer 368,7.7,AZ,SUSPENDED
Customer 369,PRJ-2024-00369,Customer 369,6.2,AZ,ACTIVE
Customer 370,PRJ-2024-00370,Customer 370,14.6,NV,SUSPENDED
Customer 371,PRJ-2024-00371,Customer 371,9.9,CO,SUSPENDED
Customer 372,PRJ-2024-00372,Customer 372,14.4,CA,PENDING
Customer 373,PRJ-2024-00373,Customer 373,14.9,CA,PENDING
Customer 374,PRJ-2024-00374,Customer 374,9.7,TX,SUSPENDED
Customer 375,PRJ-2024-00375,Customer 375,12.4,OR,ACTIVE
Customer 376,PRJ-2024-00376,Customer 376,13.4,OR,SUSPENDED
Customer 377,PRJ-2024-00377,Customer 377,5.1,OR,SUSPENDED
Customer 378,PRJ-2024-00378,Customer 378,3.6,CO,PENDING
Customer 379,PRJ-2024-00379,Customer 379,13.3,AZ,SUSPENDED
Customer 380,PRJ-2024-00380,Customer 380,10.7,AZ,SUSPENDED
Customer 381,PRJ-2024-00381,Customer 381,12.5,NV,PENDING
Customer 382,PRJ-2024-00382,Customer 382,5.3,OR,SUSPENDED
Customer 383,PRJ-2024-00383,Customer 383,6.3,NV,ACTIVE
Customer 384,PRJ-2024-00384,Customer 384,8.9,CA,PENDING
Customer 385,PRJ-2024-00385,Customer 385,6.4,FL,PENDING
Customer 386,PRJ-2024-00386,Customer 386,10.8,NY,PENDING
Customer 387,PRJ-2024-00387,Customer 387,6.0,FL,PENDING
Customer 388,PRJ-2024-00388,Customer 388,6.6,AZ,ACTIVE
Customer 389,PRJ-2024-00389,Customer 389,9.7,WA,ACTIVE
Customer 390,PRJ-2024-00390,Customer 390,10.7,TX,PENDING
Customer 391,PRJ-2024-00391,Customer 391,7.8,NY,SUSPENDED
Customer 392,PRJ-2024-00392,Customer 392,7.7,AZ,PENDING
Customer 393,PRJ-2024-00393,Customer 393,9.1,NY,ACTIVE
Customer 394,PRJ-2024-00394,Customer 394,12.2,FL,PENDING
Customer 395,PRJ-2024-00395,Customer 395,7.5,AZ,SUSPENDED
Customer 396,PRJ-2024-00396,Customer 396,3.9,OR,SUSPENDED
Customer 397,PRJ-2024-00397,Customer 397,13.5,AZ,SUSPENDED
Customer 398,PRJ-2024-00398,Customer 398,13.3,MA,PENDING
Customer 399,PRJ-2024-00399,Customer 399,6.3,CA,ACTIVE
Customer 400,PRJ-2024-00400,,7.8,OR,PENDING
Customer 401,PRJ-2024-00401,Customer 401,5.3,CA,PENDING
Customer 402,PRJ-2024-00402,Customer 402,10.1,TX,PENDING
Customer 403,PRJ-2024-00403,Customer 403,,WA,PENDING
Customer 404,PRJ-2024-00404,Customer 404,5.7,CO,PENDING
Customer 405,PRJ-2024-00405,Customer 405,7.5,NV,ACTIVE
Customer 406,PRJ-2024-00406,Customer 406,11.3,TX,PENDING
Customer 407,PRJ-2024-00407,Customer 407,6.6,FL,PENDING
Customer 408,PRJ-2024-00408,Customer 408,4.4,TX,PENDING
Customer 409,PRJ-2024-00409,Customer 409,11.4,WA,SUSPENDED
Customer 410,PRJ-2024-00410,Customer 410,3.0,MA,SUSPENDED
Customer 411,PRJ-2024-00411,Customer 411,13.9,TX,SUSPENDED
Customer 412,PRJ-2024-00412,Customer 412,13.2,TX,ACTIVE
Customer 413,PRJ-2024-00413,Customer 413,6.9,CA,PENDING
Customer 414,PRJ-2024-00414,Customer 414,7.8,FL,SUSPENDED
Customer 415,PRJ-2024-00415,Customer 415,11.4,FL,SUSPENDED
Customer 416,PRJ-2024-00416,Customer 416,7.6,MA,PENDING
Customer 417,PRJ-2024-00417,Customer 417,8.3,MA,PENDING
Customer 418,PRJ-2024-00418,Customer 418,11.3,NV,PENDING
Customer 419,PRJ-2024-00419,Customer 419,13.7,CO,SUSPENDED
Customer 420,PRJ-2024-00420,Customer 420,6.8,FL,PENDING
Customer 421,PRJ-2024-00421,Customer 421,3.9,CO,SUSPENDED
Customer 422,PRJ-2024-00422,Customer 422,11.9,NV,ACTIVE
Customer 423,PRJ-2024-00423,Customer 423,12.5,WA,SUSPENDED
Customer 424,PRJ-2024-00424,Customer 424,13.1,NV,SUSPENDED
Customer 425,PRJ-2024-00425,Customer 425,4.4,NV,PENDING
Customer 426,PRJ-2024-00426,Customer 426,3.5,WA,ACTIVE
Customer 427,PRJ-2024-00427,Customer 427,4.4,OR,PENDING
Customer 428,PRJ-2024-00428,Customer 428,4.5,CO,PENDING
Customer 429,PRJ-2024-00429,Customer 429,14.2,CA,PENDING
Customer 430,PRJ-2024-00430,Customer 430,10.3,TX,PENDING
Customer 431,PRJ-2024-00431,Customer 431,8.4,CO,PENDING
Customer 432,PRJ-2024-00432,Customer 432,10.6,WA,PENDING
Customer 433,PRJ-2024-00433,Customer 433,9.5,FL,SUSPENDED
Customer 434,PRJ-2024-00434,Customer 434,11.1,OR,ACTIVE
Customer 435,PRJ-2024-00435,Customer 435,11.0,CO,PENDING
Customer 436,PRJ-2024-00436,Customer 436,12.0,CA,PENDING
Customer 437,PRJ-2024-00437,Customer 437,9.1,WA,SUSPENDED
Customer 438,PRJ-2024-00438,Customer 438,3.2,NV,PENDING
Customer 439,PRJ-2024-00439,Customer 439,11.9,NV,PENDING
Customer 440,PRJ-2024-00440,Customer 440,11.8,TX,PENDING
Customer 441,PRJ-2024-00441,Customer 441,10.0,AZ,PENDING
Customer 442,PRJ-2024-00442,Customer 442,3.6,FL,PENDING
Customer 443,PRJ-2024-00443,Customer 443,14.5,NV,SUSPENDED
Customer 444,PRJ-2024-00444,Customer 444,7.2,WA,PENDING
Customer 445,,Customer 445,15.0,OR,PENDING
Customer 446,PRJ-2024-00446,Customer 446,14.5,OR,PENDING
Customer 447,PRJ-2024-00447,Customer 447,12.9,AZ,SUSPENDED
Customer 448,PRJ-2024-00448,Customer 448,9.2,AZ,ACTIVE
Customer 449,PRJ-2024-00449,Customer 449,13.4,TX,SUSPENDED
Customer 450,PRJ-2024-00450,Customer 450,8.5,TX,ACTIVE
Customer 451,PRJ-2024-00451,Customer 451,12.9,AZ,SUSPENDED
Customer 452,PRJ-2024-00452,Customer 452,11.1,NV,ACTIVE
Customer 453,PRJ-2024-00453,Customer 453,4.3,TX,SUSPENDED
Customer 454,PRJ-2024-00454,Customer 454,8.7,CO,PENDING
Customer 455,PRJ-2024-00455,Customer 455,,FL,ACTIVE
Customer 456,PRJ-2024-00456,Customer 456,9.6,CA,PENDING
Customer 457,PRJ-2024-00457,Customer 457,5.2,WA,ACTIVE
Customer 458,PRJ-2024-00458,Customer 458,3.9,MA,SUSPENDED
Customer 459,PRJ-2024-00459,Customer 459,4.2,NV,SUSPENDED
Customer 460,PRJ-2024-00460,Customer 460,11.3,OR,PENDING
Customer 461,PRJ-2024-00461,Customer 461,6.0,FL,PENDING
Customer 462,PRJ-2024-00462,Customer 462,8.3,NV,PENDING
Customer 463,PRJ-2024-00463,Customer 463,13.3,OR,ACTIVE
Customer 464,PRJ-2024-00464,Customer 464,9.9,CA,PENDING
Customer 465,PRJ-2024-00465,Customer 465,7.4,WA,SUSPENDED
Customer 466,PRJ-2024-00466,Customer 466,7.4,WA,PENDING
Customer 467,PRJ-2024-00467,Customer 467,5.1,FL,ACTIVE
Customer 468,PRJ-2024-00468,Customer 468,6.2,MA,PENDING
Customer 469,PRJ-2024-00469,Customer 469,3.5,MA,PENDING
Customer 470,PRJ-2024-00470,Customer 470,5.1,OR,ACTIVE
Customer 471,PRJ-2024-00471,Customer 471,9.2,AZ,ACTIVE
Customer 472,PRJ-2024-00472,Customer 472,5.8,FL,PENDING
Customer 473,PRJ-2024-00473,Customer 473,10.9,NV,SUSPENDED
Customer 474,PRJ-2024-00474,Customer 474,3.3,NY,PENDING
Customer 475,PRJ-2024-00475,Customer 475,4.8,WA,SUSPENDED
Customer 476,PRJ-2024-00476,Customer 476,13.5,OR,SUSPENDED
Customer 477,PRJ-2024-00477,Customer 477,10.2,FL,PENDING
Customer 478,PRJ-2024-00478,Customer 478,10.1,NV,ACTIVE
Customer 479,PRJ-2024-00479,Customer 479,10.3,NY,ACTIVE
Customer 480,PRJ-2024-00480,Customer 480,8.8,WA,SUSPENDED
Customer 481,PRJ-2024-00481,Customer 481,11.4,CO,PENDING
Customer 482,PRJ-2024-00482,Customer 482,4.6,OR,suspended
Customer 483,PRJ-2024-00483,Customer 483,9.9,NY,PENDING
Customer 484,PRJ-2024-00484,Customer 484,4.3,NV,SUSPENDED
Customer 485,PRJ-2024-00485,Customer 485,14.9,NV,SUSPENDED
Customer 486,PRJ-2024-00486,Customer 486,8.8,NV,PENDING
Customer 487,PRJ-2024-00487,Customer 487,12.4,TX,SUSPENDED
Customer 488,PRJ-2024-00488,Customer 488,4.9,WA,SUSPENDED
Customer 489,PRJ-2024-00489,Customer 489,7.5,TX,PENDING
Customer 490,PRJ-2024-00490,Customer 490,10.7,OR,PENDING
Customer 491,PRJ-2024-00491,Customer 491,5.0,CA,ACTIVE
Customer 492,PRJ-2024-00492,Customer 492,7.2,TX,ACTIVE
Customer 493,PRJ-2024-00493,Customer 493,6.4,TX,PENDING
Customer 494,PRJ-2024-00494,Customer 494,14.2,OR,SUSPENDED
Customer 495,PRJ-2024-00495,Customer 495,6.5,TX,PENDING
Customer 496,PRJ-2024-00496,Customer 496,8.8,MA,SUSPENDED
Customer 497,PRJ-2024-00497,Customer 497,6.1,CA,SUSPENDED
Customer 498,PRJ-2024-00498,Customer 498,11.4,WA,SUSPENDED
Customer 499,PRJ-2024-00499,Customer 499,14.2,NV,PENDING
Customer 500,PRJ-2024-00500,Customer 500,5.8,NY,PENDING
