source_name,source_record_id,master_project_id
crm,PRJ-2024-00001,PRJ-2024-00001
crm,PRJ-2024-00002,PRJ-2024-00002
crm,PRJ-2024-00003,PRJ-2024-00003
crm,PRJ-2024-00004,PRJ-2024-00004
crm,PRJ-2024-00005,PRJ-2024-00005
crm,PRJ-2024-00006,PRJ-2024-00006
crm,PRJ-2024-00007,PRJ-2024-00007
crm,PRJ-2024-00008,PRJ-2024-00008
crm,PRJ-2024-00009,PRJ-2024-00009
crm,PRJ-2024-00010,PRJ-2024-00010
crm,PRJ-2024-00011,PRJ-2024-00011
crm,PRJ-2024-00012,PRJ-2024-00012
crm,PRJ-2024-00013,PRJ-2024-00013
crm,PRJ-2024-00014,PRJ-2024-00014
crm,PRJ-2024-00015,PRJ-2024-00015
crm,PRJ-2024-00016,PRJ-2024-00016
crm,PRJ-2024-00017,PRJ-2024-00017
crm,PRJ-2024-00018,PRJ-2024-00018
crm,PRJ-2024-00019,PRJ-2024-00019
crm,PRJ-2024-00020,PRJ-2024-00020
crm,PRJ-2024-00021,PRJ-2024-00021
crm,PRJ-2024-00022,PRJ-2024-00022
crm,PRJ-2024-00023,PRJ-2024-00023
crm,PRJ-2024-00024,PRJ-2024-00024
crm,PRJ-2024-00025,PRJ-2024-00025
crm,PRJ-2024-00026,PRJ-2024-00026
crm,PRJ-2024-00027,PRJ-2024-00027
crm,PRJ-2024-00028,PRJ-2024-00028
crm,PRJ-2024-00029,PRJ-2024-00029
crm,PRJ-2024-00030,PRJ-2024-00030
crm,PRJ-2024-00031,PRJ-2024-00031
crm,PRJ-2024-00032,PRJ-2024-00032
crm,PRJ-2024-00033,PRJ-2024-00033
crm,PRJ-2024-00034,PRJ-2024-00034
crm,PRJ-2024-00035,PRJ-2024-00035
crm,PRJ-2024-00036,PRJ-2024-00036
crm,PRJ-2024-00037,PRJ-2024-00037
crm,PRJ-2024-00038,PRJ-2024-00038
crm,PRJ-2024-00039,PRJ-2024-00039
crm,PRJ-2024-00040,PRJ-2024-00040
crm,PRJ-2024-00041,PRJ-2024-00041
crm,PRJ-2024-00042,PRJ-2024-00042
crm,PRJ-2024-00043,PRJ-2024-00043
crm,PRJ-2024-00044,PRJ-2024-00044
crm,PRJ-2024-00045,PRJ-2024-00045
crm,PRJ-2024-00046,PRJ-2024-00046
crm,PRJ-2024-00047,PRJ-2024-00047
crm,PRJ-2024-00048,PRJ-2024-00048
crm,PRJ-2024-00049,PRJ-2024-00049
crm,PRJ-2024-00050,PRJ-2024-00050
crm,PRJ-2024-00051,PRJ-2024-00051
crm,PRJ-2024-00052,PRJ-2024-00052
crm,PRJ-2024-00053,PRJ-2024-00053
crm,PRJ-2024-00054,PRJ-2024-00054
crm,PRJ-2024-00055,PRJ-2024-00055
crm,PRJ-2024-00056,PRJ-2024-00056
crm,PRJ-2024-00057,PRJ-2024-00057
crm,PRJ-2024-00058,PRJ-2024-00058
crm,PRJ-2024-00059,PRJ-2024-00059
crm,PRJ-2024-00060,PRJ-2024-00060
crm,PRJ-2024-00061,PRJ-2024-00061
crm,PRJ-2024-00062,PRJ-2024-00062
crm,PRJ-2024-00063,PRJ-2024-00063
crm,PRJ-2024-00064,PRJ-2024-00064
crm,PRJ-2024-00065,PRJ-2024-00065
crm,PRJ-2024-00066,PRJ-2024-00066
crm,PRJ-2024-00067,PRJ-2024-00067
crm,PRJ-2024-00068,PRJ-2024-00068
crm,PRJ-2024-00069,PRJ-2024-00069
crm,PRJ-2024-00070,PRJ-2024-00070
crm,PRJ-2024-00071,PRJ-2024-00071
crm,PRJ-2024-00072,PRJ-2024-00072
crm,PRJ-2024-00073,PRJ-2024-00073
crm,PRJ-2024-00074,PRJ-2024-00074
crm,PRJ-2024-00075,PRJ-2024-00075
crm,PRJ-2024-00076,PRJ-2024-00076
crm,PRJ-2024-00077,PRJ-2024-00077
crm,PRJ-2024-00078,PRJ-2024-00078
crm,PRJ-2024-00079,PRJ-2024-00079
crm,PRJ-2024-00080,PRJ-2024-00080
crm,PRJ-2024-00081,PRJ-2024-00081
crm,PRJ-2024-00082,PRJ-2024-00082
crm,PRJ-2024-00083,PRJ-2024-00083
crm,PRJ-2024-00084,PRJ-2024-00084
crm,PRJ-2024-00085,PRJ-2024-00085
crm,PRJ-2024-00086,PRJ-2024-00086
crm,PRJ-2024-00087,PRJ-2024-00087
crm,PRJ-2024-00088,PRJ-2024-00088
crm,PRJ-2024-00089,PRJ-2024-00089
crm,PRJ-2024-00090,PRJ-2024-00090
crm,PRJ-2024-00091,PRJ-2024-00091
crm,PRJ-2024-00092,PRJ-2024-00092
crm,PRJ-2024-00093,PRJ-2024-00093
crm,PRJ-2024-00094,PRJ-2024-00094
crm,PRJ-2024-00095,PRJ-2024-00095
crm,PRJ-2024-00096,PRJ-2024-00096
crm,PRJ-2024-00097,PRJ-2024-00097
crm,PRJ-2024-00098,PRJ-2024-00098
crm,PRJ-2024-00099,PRJ-2024-00099
crm,PRJ-2024-00100,PRJ-2024-00100
crm,PRJ-2024-00101,PRJ-2024-00101
crm,PRJ-2024-00102,PRJ-2024-00102
crm,PRJ-2024-00103,PRJ-2024-00103
crm,PRJ-2024-00104,PRJ-2024-00104
crm,PRJ-2024-00105,PRJ-2024-00105
crm,PRJ-2024-00106,PRJ-2024-00106
crm,PRJ-2024-00107,PRJ-2024-00107
crm,PRJ-2024-00108,PRJ-2024-00108
crm,PRJ-2024-00109,PRJ-2024-00109
crm,PRJ-2024-00110,PRJ-2024-00110
crm,PRJ-2024-00111,PRJ-2024-00111
crm,PRJ-2024-00112,PRJ-2024-00112
crm,PRJ-2024-00113,PRJ-2024-00113
crm,PRJ-2024-00114,PRJ-2024-00114
crm,PRJ-2024-00115,PRJ-2024-00115
crm,PRJ-2024-00116,PRJ-2024-00116
crm,PRJ-2024-00117,PRJ-2024-00117
crm,PRJ-2024-00118,PRJ-2024-00118
crm,PRJ-2024-00119,PRJ-2024-00119
crm,PRJ-2024-00120,PRJ-2024-00120
crm,PRJ-2024-00121,PRJ-2024-00121
crm,PRJ-2024-00122,PRJ-2024-00122
crm,PRJ-2024-00123,PRJ-2024-00123
crm,PRJ-2024-00124,PRJ-2024-00124
crm,PRJ-2024-00125,PRJ-2024-00125
crm,PRJ-2024-00126,PRJ-2024-00126
crm,PRJ-2024-00127,PRJ-2024-00127
crm,PRJ-2024-00128,PRJ-2024-00128
crm,PRJ-2024-00129,PRJ-2024-00129
crm,PRJ-2024-00130,PRJ-2024-00130
crm,PRJ-2024-00131,PRJ-2024-00131
crm,PRJ-2024-00132,PRJ-2024-00132
crm,PRJ-2024-00133,PRJ-2024-00133
crm,PRJ-2024-00134,PRJ-2024-00134
crm,PRJ-2024-00135,PRJ-2024-00135
crm,PRJ-2024-00136,PRJ-2024-00136
crm,PRJ-2024-00137,PRJ-2024-00137
crm,PRJ-2024-00138,PRJ-2024-00138
crm,PRJ-2024-00139,PRJ-2024-00139
crm,PRJ-2024-00140,PRJ-2024-00140
crm,PRJ-2024-00141,PRJ-2024-00141
crm,PRJ-2024-00142,PRJ-2024-00142
crm,PRJ-2024-00143,PRJ-2024-00143
crm,PRJ-2024-00144,PRJ-2024-00144
crm,PRJ-2024-00145,PRJ-2024-00145
crm,PRJ-2024-00146,PRJ-2024-00146
crm,PRJ-2024-00147,PRJ-2024-00147
crm,PRJ-2024-00148,PRJ-2024-00148
crm,PRJ-2024-00149,PRJ-2024-00149
crm,PRJ-2024-00150,PRJ-2024-00150
crm,PRJ-2024-00151,PRJ-2024-00151
crm,PRJ-2024-00152,PRJ-2024-00152
crm,PRJ-2024-00153,PRJ-2024-00153
crm,PRJ-2024-00154,PRJ-2024-00154
crm,PRJ-2024-00155,PRJ-2024-00155
crm,PRJ-2024-00156,PRJ-2024-00156
crm,PRJ-2024-00157,PRJ-2024-00157
crm,PRJ-2024-00158,PRJ-2024-00158
crm,PRJ-2024-00159,PRJ-2024-00159
crm,PRJ-2024-00160,PRJ-2024-00160
crm,PRJ-2024-00161,PRJ-2024-00161
crm,PRJ-2024-00162,PRJ-2024-00162
crm,PRJ-2024-00163,PRJ-2024-00163
crm,PRJ-2024-00164,PRJ-2024-00164
crm,PRJ-2024-00165,PRJ-2024-00165
crm,PRJ-2024-00166,PRJ-2024-00166
crm,PRJ-2024-00167,PRJ-2024-00167
crm,PRJ-2024-00168,PRJ-2024-00168
crm,PRJ-2024-00169,PRJ-2024-00169
crm,PRJ-2024-00170,PRJ-2024-00170
crm,PRJ-2024-00171,PRJ-2024-00171
crm,PRJ-2024-00172,PRJ-2024-00172
crm,PRJ-2024-00173,PRJ-2024-00173
crm,PRJ-2024-00174,PRJ-2024-00174
crm,PRJ-2024-00175,PRJ-2024-00175
crm,PRJ-2024-00176,PRJ-2024-00176
crm,PRJ-2024-00177,PRJ-2024-00177
crm,PRJ-2024-00178,PRJ-2024-00178
crm,PRJ-2024-00179,PRJ-2024-00179
crm,PRJ-2024-00180,PRJ-2024-00180
crm,PRJ-2024-00181,PRJ-2024-00181
crm,PRJ-2024-00182,PRJ-2024-00182
crm,PRJ-2024-00183,PRJ-2024-00183
crm,PRJ-2024-00184,PRJ-2024-00184
crm,PRJ-2024-00185,PRJ-2024-00185
crm,PRJ-2024-00186,PRJ-2024-00186
crm,PRJ-2024-00187,PRJ-2024-00187
crm,PRJ-2024-00188,PRJ-2024-00188
crm,PRJ-2024-00189,PRJ-2024-00189
crm,PRJ-2024-00190,PRJ-2024-00190
crm,PRJ-2024-00191,PRJ-2024-00191
crm,PRJ-2024-00192,PRJ-2024-00192
crm,PRJ-2024-00193,PRJ-2024-00193
crm,PRJ-2024-00194,PRJ-2024-00194
crm,PRJ-2024-00195,PRJ-2024-00195
crm,PRJ-2024-00196,PRJ-2024-00196
crm,PRJ-2024-00197,PRJ-2024-00197
crm,PRJ-2024-00198,PRJ-2024-00198
crm,PRJ-2024-00199,PRJ-2024-00199
crm,PRJ-2024-00200,PRJ-2024-00200
crm,PRJ-2024-00201,PRJ-2024-00201
crm,PRJ-2024-00202,PRJ-2024-00202
crm,PRJ-2024-00203,PRJ-2024-00203
crm,PRJ-2024-00204,PRJ-2024-00204
crm,PRJ-2024-00205,PRJ-2024-00205
crm,PRJ-2024-00206,PRJ-2024-00206
crm,PRJ-2024-00207,PRJ-2024-00207
crm,PRJ-2024-00208,PRJ-2024-00208
crm,PRJ-2024-00209,PRJ-2024-00209
crm,PRJ-2024-00210,PRJ-2024-00210
crm,PRJ-2024-00211,PRJ-2024-00211
crm,PRJ-2024-00212,PRJ-2024-00212
crm,PRJ-2024-00213,PRJ-2024-00213
crm,PRJ-2024-00214,PRJ-2024-00214
crm,PRJ-2024-00215,PRJ-2024-00215
crm,PRJ-2024-00216,PRJ-2024-00216
crm,PRJ-2024-00217,PRJ-2024-00217
crm,PRJ-2024-00218,PRJ-2024-00218
crm,PRJ-2024-00219,PRJ-2024-00219
crm,PRJ-2024-00220,PRJ-2024-00220
crm,PRJ-2024-00221,PRJ-2024-00221
crm,PRJ-2024-00222,PRJ-2024-00222
crm,PRJ-2024-00223,PRJ-2024-00223
crm,PRJ-2024-00224,PRJ-2024-00224
crm,PRJ-2024-00225,PRJ-2024-00225
crm,PRJ-2024-00226,PRJ-2024-00226
crm,PRJ-2024-00227,PRJ-2024-00227
crm,PRJ-2024-00228,PRJ-2024-00228
crm,PRJ-2024-00229,PRJ-2024-00229
crm,PRJ-2024-00230,PRJ-2024-00230
crm,PRJ-2024-00231,PRJ-2024-00231
crm,PRJ-2024-00232,PRJ-2024-00232
crm,PRJ-2024-00233,PRJ-2024-00233
crm,PRJ-2024-00234,PRJ-2024-00234
crm,PRJ-2024-00235,PRJ-2024-00235
crm,PRJ-2024-00236,PRJ-2024-00236
crm,PRJ-2024-00237,PRJ-2024-00237
crm,PRJ-2024-00238,PRJ-2024-00238
crm,PRJ-2024-00239,PRJ-2024-00239
crm,PRJ-2024-00240,PRJ-2024-00240
crm,PRJ-2024-00241,PRJ-2024-00241
crm,PRJ-2024-00242,PRJ-2024-00242
crm,PRJ-2024-00243,PRJ-2024-00243
crm,PRJ-2024-00244,PRJ-2024-00244
crm,PRJ-2024-00245,PRJ-2024-00245
crm,PRJ-2024-00246,PRJ-2024-00246
crm,PRJ-2024-00247,PRJ-2024-00247
crm,PRJ-2024-00248,PRJ-2024-00248
crm,PRJ-2024-00249,PRJ-2024-00249
crm,PRJ-2024-00250,PRJ-2024-00250
crm,PRJ-2024-00251,PRJ-2024-00251
crm,PRJ-2024-00252,PRJ-2024-00252
crm,PRJ-2024-00253,PRJ-2024-00253
crm,PRJ-2024-00254,PRJ-2024-00254
crm,PRJ-2024-00255,PRJ-2024-00255
crm,PRJ-2024-00256,PRJ-2024-00256
crm,PRJ-2024-00257,PRJ-2024-00257
crm,PRJ-2024-00258,PRJ-2024-00258
crm,PRJ-2024-00259,PRJ-2024-00259
crm,PRJ-2024-00260,PRJ-2024-00260
crm,PRJ-2024-00261,PRJ-2024-00261
crm,PRJ-2024-00262,PRJ-2024-00262
crm,PRJ-2024-00263,PRJ-2024-00263
crm,PRJ-2024-00264,PRJ-2024-00264
crm,PRJ-2024-00265,PRJ-2024-00265
crm,PRJ-2024-00266,PRJ-2024-00266
crm,PRJ-2024-00267,PRJ-2024-00267
crm,PRJ-2024-00268,PRJ-2024-00268
crm,PRJ-2024-00269,PRJ-2024-00269
crm,PRJ-2024-00270,PRJ-2024-00270
crm,PRJ-2024-00271,PRJ-2024-00271
crm,PRJ-2024-00272,PRJ-2024-00272
crm,PRJ-2024-00273,PRJ-2024-00273
crm,PRJ-2024-00274,PRJ-2024-00274
crm,PRJ-2024-00275,PRJ-2024-00275
crm,PRJ-2024-00276,PRJ-2024-00276
crm,PRJ-2024-00277,PRJ-2024-00277
crm,PRJ-2024-00278,PRJ-2024-00278
crm,PRJ-2024-00279,PRJ-2024-00279
crm,PRJ-2024-00280,PRJ-2024-00280
crm,PRJ-2024-00281,PRJ-2024-00281
crm,PRJ-2024-00282,PRJ-2024-00282
crm,PRJ-2024-00283,PRJ-2024-00283
crm,PRJ-2024-00284,PRJ-2024-00284
crm,PRJ-2024-00285,PRJ-2024-00285
crm,PRJ-2024-00286,PRJ-2024-00286
crm,PRJ-2024-00287,PRJ-2024-00287
crm,PRJ-2024-00288,PRJ-2024-00288
crm,PRJ-2024-00289,PRJ-2024-00289
crm,PRJ-2024-00290,PRJ-2024-00290
crm,PRJ-2024-00291,PRJ-2024-00291
crm,PRJ-2024-00292,PRJ-2024-00292
crm,PRJ-2024-00293,PRJ-2024-00293
crm,PRJ-2024-00294,PRJ-2024-00294
crm,PRJ-2024-00295,PRJ-2024-00295
crm,PRJ-2024-00296,PRJ-2024-00296
crm,PRJ-2024-00297,PRJ-2024-00297
crm,PRJ-2024-00298,PRJ-2024-00298
crm,PRJ-2024-00299,PRJ-2024-00299
crm,PRJ-2024-00300,PRJ-2024-00300
crm,PRJ-2024-00301,PRJ-2024-00301
crm,PRJ-2024-00302,PRJ-2024-00302
crm,PRJ-2024-00303,PRJ-2024-00303
crm,PRJ-2024-00304,PRJ-2024-00304
crm,PRJ-2024-00305,PRJ-2024-00305
crm,PRJ-2024-00306,PRJ-2024-00306
crm,PRJ-2024-00307,PRJ-2024-00307
crm,PRJ-2024-00308,PRJ-2024-00308
crm,PRJ-2024-00309,PRJ-2024-00309
crm,PRJ-2024-00310,PRJ-2024-00310
crm,PRJ-2024-00311,PRJ-2024-00311
crm,PRJ-2024-00312,PRJ-2024-00312
crm,PRJ-2024-00313,PRJ-2024-00313
crm,PRJ-2024-00314,PRJ-2024-00314
crm,PRJ-2024-00315,PRJ-2024-00315
crm,PRJ-2024-00316,PRJ-2024-00316
crm,PRJ-2024-00317,PRJ-2024-00317
crm,PRJ-2024-00318,PRJ-2024-00318
crm,PRJ-2024-00319,PRJ-2024-00319
crm,PRJ-2024-00320,PRJ-2024-00320
crm,PRJ-2024-00321,PRJ-2024-00321
crm,PRJ-2024-00322,PRJ-2024-00322
crm,PRJ-2024-00323,PRJ-2024-00323
crm,PRJ-2024-00324,PRJ-2024-00324
crm,PRJ-2024-00325,PRJ-2024-00325
crm,PRJ-2024-00326,PRJ-2024-00326
crm,PRJ-2024-00327,PRJ-2024-00327
crm,PRJ-2024-00328,PRJ-2024-00328
crm,PRJ-2024-00329,PRJ-2024-00329
crm,PRJ-2024-00330,PRJ-2024-00330
crm,PRJ-2024-00331,PRJ-2024-00331
crm,PRJ-2024-00332,PRJ-2024-00332
crm,PRJ-2024-00333,PRJ-2024-00333
crm,PRJ-2024-00334,PRJ-2024-00334
crm,PRJ-2024-00335,PRJ-2024-00335
crm,PRJ-2024-00336,PRJ-2024-00336
crm,PRJ-2024-00337,PRJ-2024-00337
crm,PRJ-2024-00338,PRJ-2024-00338
crm,PRJ-2024-00339,PRJ-2024-00339
crm,PRJ-2024-00340,PRJ-2024-00340
crm,PRJ-2024-00341,PRJ-2024-00341
crm,PRJ-2024-00342,PRJ-2024-00342
crm,PRJ-2024-00343,PRJ-2024-00343
crm,PRJ-2024-00344,PRJ-2024-00344
crm,PRJ-2024-00345,PRJ-2024-00345
crm,PRJ-2024-00346,PRJ-2024-00346
crm,PRJ-2024-00347,PRJ-2024-00347
crm,PRJ-2024-00348,PRJ-2024-00348
crm,PRJ-2024-00349,PRJ-2024-00349
crm,PRJ-2024-00350,PRJ-2024-00350
crm,PRJ-2024-00351,PRJ-2024-00351
crm,PRJ-2024-00352,PRJ-2024-00352
crm,PRJ-2024-00353,PRJ-2024-00353
crm,PRJ-2024-00354,PRJ-2024-00354
crm,PRJ-2024-00355,PRJ-2024-00355
crm,PRJ-2024-00356,PRJ-2024-00356
crm,PRJ-2024-00357,PRJ-2024-00357
crm,PRJ-2024-00358,PRJ-2024-00358
crm,PRJ-2024-00359,PRJ-2024-00359
crm,PRJ-2024-00360,PRJ-2024-00360
crm,PRJ-2024-00361,PRJ-2024-00361
crm,PRJ-2024-00362,PRJ-2024-00362
crm,PRJ-2024-00363,PRJ-2024-00363
crm,PRJ-2024-00364,PRJ-2024-00364
crm,PRJ-2024-00365,PRJ-2024-00365
crm,PRJ-2024-00366,PRJ-2024-00366
crm,PRJ-2024-00367,PRJ-2024-00367
crm,PRJ-2024-00368,PRJ-2024-00368
crm,PRJ-2024-00369,PRJ-2024-00369
crm,PRJ-2024-00370,PRJ-2024-00370
crm,PRJ-2024-00371,PRJ-2024-00371
crm,PRJ-2024-00372,PRJ-2024-00372
crm,PRJ-2024-00373,PRJ-2024-00373
crm,PRJ-2024-00374,PRJ-2024-00374
crm,PRJ-2024-00375,PRJ-2024-00375
crm,PRJ-2024-00376,PRJ-2024-00376
crm,PRJ-2024-00377,PRJ-2024-00377
crm,PRJ-2024-00378,PRJ-2024-00378
crm,PRJ-2024-00379,PRJ-2024-00379
crm,PRJ-2024-00380,PRJ-2024-00380
crm,PRJ-2024-00381,PRJ-2024-00381
crm,PRJ-2024-00382,PRJ-2024-00382
crm,PRJ-2024-00383,PRJ-2024-00383
crm,PRJ-2024-00384,PRJ-2024-00384
crm,PRJ-2024-00385,PRJ-2024-00385
crm,PRJ-2024-00386,PRJ-2024-00386
crm,PRJ-2024-00387,PRJ-2024-00387
crm,PRJ-2024-00388,PRJ-2024-00388
crm,PRJ-2024-00389,PRJ-2024-00389
crm,PRJ-2024-00390,PRJ-2024-00390
crm,PRJ-2024-00391,PRJ-2024-00391
crm,PRJ-2024-00392,PRJ-2024-00392
crm,PRJ-2024-00393,PRJ-2024-00393
crm,PRJ-2024-00394,PRJ-2024-00394
crm,PRJ-2024-00395,PRJ-2024-00395
crm,PRJ-2024-00396,PRJ-2024-00396
crm,PRJ-2024-00397,PRJ-2024-00397
crm,PRJ-2024-00398,PRJ-2024-00398
crm,PRJ-2024-00399,PRJ-2024-00399
crm,PRJ-2024-00400,PRJ-2024-00400
crm,PRJ-2024-00401,PRJ-2024-00401
crm,PRJ-2024-00402,PRJ-2024-00402
crm,PRJ-2024-00403,PRJ-2024-00403
crm,PRJ-2024-00404,PRJ-2024-00404
crm,PRJ-2024-00405,PRJ-2024-00405
crm,PRJ-2024-00406,PRJ-2024-00406
crm,PRJ-2024-00407,PRJ-2024-00407
crm,PRJ-2024-00408,PRJ-2024-00408
crm,PRJ-2024-00409,PRJ-2024-00409
crm,PRJ-2024-00410,PRJ-2024-00410
crm,PRJ-2024-00411,PRJ-2024-00411
crm,PRJ-2024-00412,PRJ-2024-00412
crm,PRJ-2024-00413,PRJ-2024-00413
crm,PRJ-2024-00414,PRJ-2024-00414
crm,PRJ-2024-00415,PRJ-2024-00415
crm,PRJ-2024-00416,PRJ-2024-00416
crm,PRJ-2024-00417,PRJ-2024-00417
crm,PRJ-2024-00418,PRJ-2024-00418
crm,PRJ-2024-00419,PRJ-2024-00419
crm,PRJ-2024-00420,PRJ-2024-00420
crm,PRJ-2024-00421,PRJ-2024-00421
crm,PRJ-2024-00422,PRJ-2024-00422
crm,PRJ-2024-00423,PRJ-2024-00423
crm,PRJ-2024-00424,PRJ-2024-00424
crm,PRJ-2024-00425,PRJ-2024-00425
crm,PRJ-2024-00426,PRJ-2024-00426
crm,PRJ-2024-00427,PRJ-2024-00427
crm,PRJ-2024-00428,PRJ-2024-00428
crm,PRJ-2024-00429,PRJ-2024-00429
crm,PRJ-2024-00430,PRJ-2024-00430
crm,PRJ-2024-00431,PRJ-2024-00431
crm,PRJ-2024-00432,PRJ-2024-00432
crm,PRJ-2024-00433,PRJ-2024-00433
crm,PRJ-2024-00434,PRJ-2024-00434
crm,PRJ-2024-00435,PRJ-2024-00435
crm,PRJ-2024-00436,PRJ-2024-00436
crm,PRJ-2024-00437,PRJ-2024-00437
crm,PRJ-2024-00438,PRJ-2024-00438
crm,PRJ-2024-00439,PRJ-2024-00439
crm,PRJ-2024-00440,PRJ-2024-00440
crm,PRJ-2024-00441,PRJ-2024-00441
crm,PRJ-2024-00442,PRJ-2024-00442
crm,PRJ-2024-00443,PRJ-2024-00443
crm,PRJ-2024-00444,PRJ-2024-00444
crm,PRJ-2024-00445,PRJ-2024-00445
crm,PRJ-2024-00446,PRJ-2024-00446
crm,PRJ-2024-00447,PRJ-2024-00447
crm,PRJ-2024-00448,PRJ-2024-00448
crm,PRJ-2024-00449,PRJ-2024-00449
crm,PRJ-2024-00450,PRJ-2024-00450
crm,PRJ-2024-00451,PRJ-2024-00451
crm,PRJ-2024-00452,PRJ-2024-00452
crm,PRJ-2024-00453,PRJ-2024-00453
crm,PRJ-2024-00454,PRJ-2024-00454
crm,PRJ-2024-00455,PRJ-2024-00455
crm,PRJ-2024-00456,PRJ-2024-00456
crm,PRJ-2024-00457,PRJ-2024-00457
crm,PRJ-2024-00458,PRJ-2024-00458
crm,PRJ-2024-00459,PRJ-2024-00459
crm,PRJ-2024-00460,PRJ-2024-00460
crm,PRJ-2024-00461,PRJ-2024-00461
crm,PRJ-2024-00462,PRJ-2024-00462
crm,PRJ-2024-00463,PRJ-2024-00463
crm,PRJ-2024-00464,PRJ-2024-00464
crm,PRJ-2024-00465,PRJ-2024-00465
crm,PRJ-2024-00466,PRJ-2024-00466
crm,PRJ-2024-00467,PRJ-2024-00467
crm,PRJ-2024-00468,PRJ-2024-00468
crm,PRJ-2024-00469,PRJ-2024-00469
crm,PRJ-2024-00470,PRJ-2024-00470
crm,PRJ-2024-00471,PRJ-2024-00471
crm,PRJ-2024-00472,PRJ-2024-00472
crm,PRJ-2024-00473,PRJ-2024-00473
crm,PRJ-2024-00474,PRJ-2024-00474
crm,PRJ-2024-00475,PRJ-2024-00475
crm,PRJ-2024-00476,PRJ-2024-00476
crm,PRJ-2024-00477,PRJ-2024-00477
crm,PRJ-2024-00478,PRJ-2024-00478
crm,PRJ-2024-00479,PRJ-2024-00479
crm,PRJ-2024-00480,PRJ-2024-00480
crm,PRJ-2024-00481,PRJ-2024-00481
crm,PRJ-2024-00482,PRJ-2024-00482
crm,PRJ-2024-00483,PRJ-2024-00483
crm,PRJ-2024-00484,PRJ-2024-00484
crm,PRJ-2024-00485,PRJ-2024-00485
crm,PRJ-2024-00486,PRJ-2024-00486
crm,PRJ-2024-00487,PRJ-2024-00487
crm,PRJ-2024-00488,PRJ-2024-00488
crm,PRJ-2024-00489,PRJ-2024-00489
crm,PRJ-2024-00490,PRJ-2024-00490
crm,PRJ-2024-00491,PRJ-2024-00491
crm,PRJ-2024-00492,PRJ-2024-00492
crm,PRJ-2024-00493,PRJ-2024-00493
crm,PRJ-2024-00494,PRJ-2024-00494
crm,PRJ-2024-00495,PRJ-2024-00495
crm,PRJ-2024-00496,PRJ-2024-00496
crm,PRJ-2024-00497,PRJ-2024-00497
crm,PRJ-2024-00498,PRJ-2024-00498
crm,PRJ-2024-00499,PRJ-2024-00499
crm,PRJ-2024-00500,PRJ-2024-00500
erp,PRJ-2024-00001,PRJ-2024-00001
erp,PRJ-2024-00002,PRJ-2024-00002
erp,PRJ-2024-00003,PRJ-2024-00003
erp,PRJ-2024-00004,PRJ-2024-00004
erp,PRJ-2024-00005,PRJ-2024-00005
erp,PRJ-2024-00006,PRJ-2024-00006
erp,PRJ-2024-00007,PRJ-2024-00007
erp,PRJ-2024-00008,PRJ-2024-00008
erp,PRJ-2024-00009,PRJ-2024-00009
erp,PRJ-2024-00010,PRJ-2024-00010
erp,PRJ-2024-00011,PRJ-2024-00011
erp,PRJ-2024-00012,PRJ-2024-00012
erp,PRJ-2024-00013,PRJ-2024-00013
erp,PRJ-2024-00014,PRJ-2024-00014
erp,PRJ-2024-00015,PRJ-2024-00015
erp,PRJ-2024-00016,PRJ-2024-00016
erp,PRJ-2024-00017,PRJ-2024-00017
erp,PRJ-2024-00018,PRJ-2024-00018
erp,PRJ-2024-00019,PRJ-2024-00019
erp,PRJ-2024-00020,PRJ-2024-00020
erp,PRJ-2024-00021,PRJ-2024-00021
erp,PRJ-2024-00022,PRJ-2024-00022
erp,PRJ-2024-00023,PRJ-2024-00023
erp,PRJ-2024-00024,PRJ-2024-00024
erp,PRJ-2024-00025,PRJ-2024-00025
erp,PRJ-2024-00026,PRJ-2024-00026
erp,PRJ-2024-00027,PRJ-2024-00027
erp,PRJ-2024-00028,PRJ-2024-00028
erp,PRJ-2024-00029,PRJ-2024-00029
erp,PRJ-2024-00030,PRJ-2024-00030
erp,PRJ-2024-00031,PRJ-2024-00031
erp,PRJ-2024-00032,PRJ-2024-00032
erp,PRJ-2024-00033,PRJ-2024-00033
erp,PRJ-2024-00034,PRJ-2024-00034
erp,PRJ-2024-00035,PRJ-2024-00035
erp,PRJ-2024-00036,PRJ-2024-00036
erp,PRJ-2024-00037,PRJ-2024-00037
erp,PRJ-2024-00038,PRJ-2024-00038
erp,PRJ-2024-00039,PRJ-2024-00039
erp,PRJ-2024-00040,PRJ-2024-00040
erp,nan,nan
erp,PRJ-2024-00042,PRJ-2024-00042
erp,PRJ-2024-00043,PRJ-2024-00043
erp,PRJ-2024-00044,PRJ-2024-00044
erp,PRJ-2024-00045,PRJ-2024-00045
erp,PRJ-2024-00046,PRJ-2024-00046
erp,PRJ-2024-00047,PRJ-2024-00047
erp,PRJ-2024-00048,PRJ-2024-00048
erp,PRJ-2024-00049,PRJ-2024-00049
erp,PRJ-2024-00050,PRJ-2024-00050
erp,PRJ-2024-00051,PRJ-2024-00051
erp,PRJ-2024-00052,PRJ-2024-00052
erp,PRJ-2024-00053,PRJ-2024-00053
erp,PRJ-2024-00054,PRJ-2024-00054
erp,PRJ-2024-00055,PRJ-2024-00055
erp,PRJ-2024-00056,PRJ-2024-00056
erp,PRJ-2024-00057,PRJ-2024-00057
erp,PRJ-2024-00058,PRJ-2024-00058
erp,PRJ-2024-00059,PRJ-2024-00059
erp,PRJ-2024-00060,PRJ-2024-00060
erp,PRJ-2024-00061,PRJ-2024-00061
erp,PRJ-2024-00062,PRJ-2024-00062
erp,PRJ-2024-00063,PRJ-2024-00063
erp,PRJ-2024-00064,PRJ-2024-00064
erp,PRJ-2024-00065,PRJ-2024-00065
erp,PRJ-2024-00066,PRJ-2024-00066
erp,PRJ-2024-00067,PRJ-2024-00067
erp,PRJ-2024-00068,PRJ-2024-00068
erp,PRJ-2024-00069,PRJ-2024-00069
erp,PRJ-2024-00070,PRJ-2024-00070
erp,PRJ-2024-00071,PRJ-2024-00071
erp,PRJ-2024-00072,PRJ-2024-00072
erp,PRJ-2024-00073,PRJ-2024-00073
erp,PRJ-2024-00074,PRJ-2024-00074
erp,PRJ-2024-00075,PRJ-2024-00075
erp,PRJ-2024-00076,PRJ-2024-00076
erp,PRJ-2024-00077,PRJ-2024-00077
erp,PRJ-2024-00078,PRJ-2024-00078
erp,PRJ-2024-00079,PRJ-2024-00079
erp,PRJ-2024-00080,PRJ-2024-00080
erp,PRJ-2024-00081,PRJ-2024-00081
erp,PRJ-2024-00082,PRJ-2024-00082
erp,PRJ-2024-00083,PRJ-2024-00083
erp,PRJ-2024-00084,PRJ-2024-00084
erp,PRJ-2024-00085,PRJ-2024-00085
erp,prj-2024-00086,prj-2024-00086
erp,PRJ-2024-00087,PRJ-2024-00087
erp,PRJ-2024-00088,PRJ-2024-00088
erp,PRJ-2024-00089,PRJ-2024-00089
erp,PRJ-2024-00090,PRJ-2024-00090
erp,PRJ-2024-00091,PRJ-2024-00091
erp,PRJ-2024-00092,PRJ-2024-00092
erp,PRJ-2024-00093,PRJ-2024-00093
erp,PRJ-2024-00094,PRJ-2024-00094
erp,PRJ-2024-00095,PRJ-2024-00095
erp,PRJ-2024-00096,PRJ-2024-00096
erp,PRJ-2024-00097,PRJ-2024-00097
erp,PRJ-2024-00098,PRJ-2024-00098
erp,PRJ-2024-00099,PRJ-2024-00099
erp,PRJ-2024-00100,PRJ-2024-00100
erp,PRJ-2024-00101,PRJ-2024-00101
erp,PRJ-2024-00102,PRJ-2024-00102
erp,PRJ-2024-00103,PRJ-2024-00103
erp,PRJ-2024-00104,PRJ-2024-00104
erp,PRJ-2024-00105,PRJ-2024-00105
erp,PRJ-2024-00106,PRJ-2024-00106
erp,PRJ-2024-00107,PRJ-2024-00107
erp,PRJ-2024-00108,PRJ-2024-00108
erp,PRJ-2024-00109,PRJ-2024-00109
erp,PRJ-2024-00110,PRJ-2024-00110
erp,PRJ-2024-00111,PRJ-2024-00111
erp,PRJ-2024-00112,PRJ-2024-00112
erp,PRJ-2024-00113,PRJ-2024-00113
erp,PRJ-2024-00114,PRJ-2024-00114
erp,PRJ-2024-00115,PRJ-2024-00115
erp,PRJ-2024-00116,PRJ-2024-00116
erp,PRJ-2024-00117,PRJ-2024-00117
erp,PRJ-2024-00118,PRJ-2024-00118
erp,PRJ-2024-00119,PRJ-2024-00119
erp,PRJ-2024-00120,PRJ-2024-00120
erp,PRJ-2024-00121,PRJ-2024-00121
erp,PRJ-2024-00122,PRJ-2024-00122
erp,PRJ-2024-00123,PRJ-2024-00123
erp,PRJ-2024-00124,PRJ-2024-00124
erp,PRJ-2024-00125,PRJ-2024-00125
erp,PRJ-2024-00126,PRJ-2024-00126
erp,PRJ-2024-00127,PRJ-2024-00127
erp,PRJ-2024-00128,PRJ-2024-00128
erp,PRJ-2024-00129,PRJ-2024-00129
erp,PRJ-2024-00130,PRJ-2024-00130
erp,PRJ-2024-00131,PRJ-2024-00131
erp,PRJ-2024-00132,PRJ-2024-00132
erp,PRJ-2024-00133,PRJ-2024-00133
erp,PRJ-2024-00134,PRJ-2024-00134
erp,PRJ-2024-00135,PRJ-2024-00135
erp,PRJ-2024-00136,PRJ-2024-00136
erp,PRJ-2024-00137,PRJ-2024-00137
erp,PRJ-2024-00138,PRJ-2024-00138
erp,PRJ-2024-00139,PRJ-2024-00139
erp,PRJ-2024-00140,PRJ-2024-00140
erp,PRJ-2024-00141,PRJ-2024-00141
erp,PRJ-2024-00142,PRJ-2024-00142
erp,PRJ-2024-00143,PRJ-2024-00143
erp,PRJ-2024-00144,PRJ-2024-00144
erp,PRJ-2024-00145,PRJ-2024-00145
erp,PRJ-2024-00146,PRJ-2024-00146
erp,PRJ-2024-00147,PRJ-2024-00147
erp,PRJ-2024-00148,PRJ-2024-00148
erp,PRJ-2024-00149,PRJ-2024-00149
erp,PRJ-2024-00150,PRJ-2024-00150
erp,PRJ-2024-00151,PRJ-2024-00151
erp,PRJ-2024-00152,PRJ-2024-00152
erp,PRJ-2024-00153,PRJ-2024-00153
erp,PRJ-2024-00154,PRJ-2024-00154
erp,PRJ-2024-00155,PRJ-2024-00155
erp,PRJ-2024-00156,PRJ-2024-00156
erp,PRJ-2024-00157,PRJ-2024-00157
erp,PRJ-2024-00158,PRJ-2024-00158
erp,PRJ-2024-00159,PRJ-2024-00159
erp,PRJ-2024-00160,PRJ-2024-00160
erp,PRJ-2024-00161,PRJ-2024-00161
erp,PRJ-2024-00162,PRJ-2024-00162
erp,PRJ-2024-00163,PRJ-2024-00163
erp,PRJ-2024-00164,PRJ-2024-00164
erp,PRJ-2024-00165,PRJ-2024-00165
erp,PRJ-2024-00166,PRJ-2024-00166
erp,PRJ-2024-00167,PRJ-2024-00167
erp,PRJ-2024-00168,PRJ-2024-00168
erp,PRJ-2024-00169,PRJ-2024-00169
erp,PRJ-2024-00170,PRJ-2024-00170
erp,PRJ-2024-00171,PRJ-2024-00171
erp,PRJ-2024-00172,PRJ-2024-00172
erp,PRJ-2024-00173,PRJ-2024-00173
erp,PRJ-2024-00174,PRJ-2024-00174
erp,PRJ-2024-00175,PRJ-2024-00175
erp,PRJ-2024-00176,PRJ-2024-00176
erp,PRJ-2024-00177,PRJ-2024-00177
erp,PRJ-2024-00178,PRJ-2024-00178
erp,PRJ-2024-00179,PRJ-2024-00179
erp,PRJ-2024-00180,PRJ-2024-00180
erp,PRJ-2024-00181,PRJ-2024-00181
erp,PRJ-2024-00182,PRJ-2024-00182
erp,PRJ-2024-00183,PRJ-2024-00183
erp,PRJ-2024-00184,PRJ-2024-00184
erp,PRJ-2024-00185,PRJ-2024-00185
erp,PRJ-2024-00186,PRJ-2024-00186
erp,PRJ-2024-00187,PRJ-2024-00187
erp,PRJ-2024-00188,PRJ-2024-00188
erp,PRJ-2024-00189,PRJ-2024-00189
erp,PRJ-2024-00190,PRJ-2024-00190
erp,PRJ-2024-00191,PRJ-2024-00191
erp,PRJ-2024-00192,PRJ-2024-00192
erp,PRJ-2024-00193,PRJ-2024-00193
erp,PRJ-2024-00194,PRJ-2024-00194
erp,PRJ-2024-00195,PRJ-2024-00195
erp,PRJ-2024-00196,PRJ-2024-00196
erp,PRJ-2024-00197,PRJ-2024-00197
erp,PRJ-2024-00198,PRJ-2024-00198
erp,PRJ-2024-00199,PRJ-2024-00199
erp,PRJ-2024-00200,PRJ-2024-00200
erp,PRJ-2024-00201,PRJ-2024-00201
erp,PRJ-2024-00202,PRJ-2024-00202
erp,PRJ-2024-00203,PRJ-2024-00203
erp,PRJ-2024-00204,PRJ-2024-00204
erp,PRJ-2024-00205,PRJ-2024-00205
erp,PRJ-2024-00206,PRJ-2024-00206
erp,PRJ-2024-00207,PRJ-2024-00207
erp,PRJ-2024-00208,PRJ-2024-00208
erp,PRJ-2024-00209,PRJ-2024-00209
erp,PRJ-2024-00210,PRJ-2024-00210
erp,PRJ-2024-00211,PRJ-2024-00211
erp,PRJ-2024-00212,PRJ-2024-00212
erp,PRJ-2024-00213,PRJ-2024-00213
erp,PRJ-2024-00214,PRJ-2024-00214
erp,PRJ-2024-00215,PRJ-2024-00215
erp,PRJ-2024-00216,PRJ-2024-00216
erp,PRJ-2024-00217,PRJ-2024-00217
erp,PRJ-2024-00218,PRJ-2024-00218
erp,PRJ-2024-00219,PRJ-2024-00219
erp,PRJ-2024-00220,PRJ-2024-00220
erp,PRJ-2024-00221,PRJ-2024-00221
erp,PRJ-2024-00222,PRJ-2024-00222
erp,PRJ-2024-00223,PRJ-2024-00223
erp,PRJ-2024-00224,PRJ-2024-00224
erp,PRJ-2024-00225,PRJ-2024-00225
erp,PRJ-2024-00226,PRJ-2024-00226
erp,PRJ-2024-00227,PRJ-2024-00227
erp,PRJ-2024-00228,PRJ-2024-00228
erp,PRJ-2024-00229,PRJ-2024-00229
erp,PRJ-2024-00230,PRJ-2024-00230
erp,PRJ-2024-00231,PRJ-2024-00231
erp,PRJ-2024-00232,PRJ-2024-00232
erp,PRJ-2024-00233,PRJ-2024-00233
erp,PRJ-2024-00234,PRJ-2024-00234
erp,PRJ-2024-00235,PRJ-2024-00235
erp,PRJ-2024-00236,PRJ-2024-00236
erp,PRJ-2024-00237,PRJ-2024-00237
erp,PRJ-2024-00238,PRJ-2024-00238
erp,PRJ-2024-00239,PRJ-2024-00239
erp,PRJ-2024-00240,PRJ-2024-00240
erp,PRJ-2024-00241,PRJ-2024-00241
erp,PRJ-2024-00242,PRJ-2024-00242
erp,PRJ-2024-00243,PRJ-2024-00243
erp,PRJ-2024-00244,PRJ-2024-00244
erp,PRJ-2024-00245,PRJ-2024-00245
erp,PRJ-2024-00246,PRJ-2024-00246
erp,PRJ-2024-00247,PRJ-2024-00247
erp,PRJ-2024-00248,PRJ-2024-00248
erp,PRJ-2024-00249,PRJ-2024-00249
erp,PRJ-2024-00250,PRJ-2024-00250
erp,PRJ-2024-00251,PRJ-2024-00251
erp,PRJ-2024-00252,PRJ-2024-00252
erp,PRJ-2024-00253,PRJ-2024-00253
erp,PRJ-2024-00254,PRJ-2024-00254
erp,PRJ-2024-00255,PRJ-2024-00255
erp,PRJ-2024-00256,PRJ-2024-00256
erp,PRJ-2024-00257,PRJ-2024-00257
erp,PRJ-2024-00258,PRJ-2024-00258
erp,PRJ-2024-00259,PRJ-2024-00259
erp,PRJ-2024-00260,PRJ-2024-00260
erp,PRJ-2024-00261,PRJ-2024-00261
erp,PRJ-2024-00262,PRJ-2024-00262
erp,PRJ-2024-00263,PRJ-2024-00263
erp,PRJ-2024-00264,PRJ-2024-00264
erp,PRJ-2024-00265,PRJ-2024-00265
erp,PRJ-2024-00266,PRJ-2024-00266
erp,PRJ-2024-00267,PRJ-2024-00267
erp,PRJ-2024-00268,PRJ-2024-00268
erp,PRJ-2024-00269,PRJ-2024-00269
erp,PRJ-2024-00270,PRJ-2024-00270
erp,PRJ-2024-00271,PRJ-2024-00271
erp,PRJ-2024-00272,PRJ-2024-00272
erp,PRJ-2024-00273,PRJ-2024-00273
erp,PRJ-2024-00274,PRJ-2024-00274
erp,PRJ-2024-00275,PRJ-2024-00275
erp,PRJ-2024-00276,PRJ-2024-00276
erp,PRJ-2024-00277,PRJ-2024-00277
erp,PRJ-2024-00278,PRJ-2024-00278
erp,PRJ-2024-00279,PRJ-2024-00279
erp,PRJ-2024-00280,PRJ-2024-00280
erp,PRJ-2024-00281,PRJ-2024-00281
erp,PRJ-2024-00282,PRJ-2024-00282
erp,PRJ-2024-00283,PRJ-2024-00283
erp,PRJ-2024-00284,PRJ-2024-00284
erp,PRJ-2024-00285,PRJ-2024-00285
erp,PRJ-2024-00286,PRJ-2024-00286
erp,PRJ-2024-00287,PRJ-2024-00287
erp,PRJ-2024-00288,PRJ-2024-00288
erp,PRJ-2024-00289,PRJ-2024-00289
erp,PRJ-2024-00290,PRJ-2024-00290
erp,PRJ-2024-00291,PRJ-2024-00291
erp,PRJ-2024-00292,PRJ-2024-00292
erp,PRJ-2024-00293,PRJ-2024-00293
erp,PRJ-2024-00294,PRJ-2024-00294
erp,PRJ-2024-00295,PRJ-2024-00295
erp,PRJ-2024-00296,PRJ-2024-00296
erp,PRJ-2024-00297,PRJ-2024-00297
erp,PRJ-2024-00298,PRJ-2024-00298
erp,PRJ-2024-00299,PRJ-2024-00299
erp,PRJ-2024-00300,PRJ-2024-00300
erp,PRJ-2024-00301,PRJ-2024-00301
erp,PRJ-2024-00302,PRJ-2024-00302
erp,PRJ-2024-00303,PRJ-2024-00303
erp,PRJ-2024-00304,PRJ-2024-00304
erp,PRJ-2024-00305,PRJ-2024-00305
erp,PRJ-2024-00306,PRJ-2024-00306
erp,PRJ-2024-00307,PRJ-2024-00307
erp,PRJ-2024-00308,PRJ-2024-00308
erp,PRJ-2024-00309,PRJ-2024-00309
erp,PRJ-2024-00310,PRJ-2024-00310
erp,PRJ-2024-00311,PRJ-2024-00311
erp,PRJ-2024-00312,PRJ-2024-00312
erp,PRJ-2024-00313,PRJ-2024-00313
erp,PRJ-2024-00314,PRJ-2024-00314
erp,PRJ-2024-00315,PRJ-2024-00315
erp,PRJ-2024-00316,PRJ-2024-00316
erp,PRJ-2024-00317,PRJ-2024-00317
erp,PRJ-2024-00318,PRJ-2024-00318
erp,PRJ-2024-00319,PRJ-2024-00319
erp,PRJ-2024-00320,PRJ-2024-00320
erp,PRJ-2024-00321,PRJ-2024-00321
erp,PRJ-2024-00322,PRJ-2024-00322
erp,PRJ-2024-00323,PRJ-2024-00323
erp,PRJ-2024-00324,PRJ-2024-00324
erp,PRJ-2024-00325,PRJ-2024-00325
erp,PRJ-2024-00326,PRJ-2024-00326
erp,PRJ-2024-00327,PRJ-2024-00327
erp,PRJ-2024-00328,PRJ-2024-00328
erp,PRJ-2024-00329,PRJ-2024-00329
erp,PRJ-2024-00330,PRJ-2024-00330
erp,PRJ-2024-00331,PRJ-2024-00331
erp,PRJ-2024-00332,PRJ-2024-00332
erp,PRJ-2024-00333,PRJ-2024-00333
erp,PRJ-2024-00334,PRJ-2024-00334
erp,PRJ-2024-00335,PRJ-2024-00335
erp,PRJ-2024-00336,PRJ-2024-00336
erp,PRJ-2024-00337,PRJ-2024-00337
erp,PRJ-2024-00338,PRJ-2024-00338
erp,PRJ-2024-00339,PRJ-2024-00339
erp,PRJ-2024-00340,PRJ-2024-00340
erp,PRJ-2024-00341,PRJ-2024-00341
erp,PRJ-2024-00342,PRJ-2024-00342
erp,PRJ-2024-00343,PRJ-2024-00343
erp,PRJ-2024-00344,PRJ-2024-00344
erp,PRJ-2024-00345,PRJ-2024-00345
erp,PRJ-2024-00346,PRJ-2024-00346
erp,PRJ-2024-00347,PRJ-2024-00347
erp,PRJ-2024-00348,PRJ-2024-00348
erp,PRJ-2024-00349,PRJ-2024-00349
erp,PRJ-2024-00350,PRJ-2024-00350
erp,PRJ-2024-00351,PRJ-2024-00351
erp,PRJ-2024-00352,PRJ-2024-00352
erp,PRJ-2024-00353,PRJ-2024-00353
erp,prj-2024-00354,prj-2024-00354
erp,PRJ-2024-00355,PRJ-2024-00355
erp,PRJ-2024-00356,PRJ-2024-00356
erp,PRJ-2024-00357,PRJ-2024-00357
erp,PRJ-2024-00358,PRJ-2024-00358
erp,PRJ-2024-00359,PRJ-2024-00359
erp,PRJ-2024-00360,PRJ-2024-00360
erp,PRJ-2024-00361,PRJ-2024-00361
erp,PRJ-2024-00362,PRJ-2024-00362
erp,PRJ-2024-00363,PRJ-2024-00363
erp,PRJ-2024-00364,PRJ-2024-00364
erp,PRJ-2024-00365,PRJ-2024-00365
erp,PRJ-2024-00366,PRJ-2024-00366
erp,PRJ-2024-00367,PRJ-2024-00367
erp,PRJ-2024-00368,PRJ-2024-00368
erp,PRJ-2024-00369,PRJ-2024-00369
erp,PRJ-2024-00370,PRJ-2024-00370
erp,PRJ-2024-00371,PRJ-2024-00371
erp,PRJ-2024-00372,PRJ-2024-00372
erp,PRJ-2024-00373,PRJ-2024-00373
erp,PRJ-2024-00374,PRJ-2024-00374
erp,PRJ-2024-00375,PRJ-2024-00375
erp,PRJ-2024-00376,PRJ-2024-00376
erp,PRJ-2024-00377,PRJ-2024-00377
erp,PRJ-2024-00378,PRJ-2024-00378
erp,PRJ-2024-00379,PRJ-2024-00379
erp,PRJ-2024-00380,PRJ-2024-00380
erp,PRJ-2024-00381,PRJ-2024-00381
erp,PRJ-2024-00382,PRJ-2024-00382
erp,PRJ-2024-00383,PRJ-2024-00383
erp,PRJ-2024-00384,PRJ-2024-00384
erp,PRJ-2024-00385,PRJ-2024-00385
erp,PRJ-2024-00386,PRJ-2024-00386
erp,PRJ-2024-00387,PRJ-2024-00387
erp,PRJ-2024-00388,PRJ-2024-00388
erp,PRJ-2024-00389,PRJ-2024-00389
erp,PRJ-2024-00390,PRJ-2024-00390
erp,PRJ-2024-00391,PRJ-2024-00391
erp,PRJ-2024-00392,PRJ-2024-00392
erp,PRJ-2024-00393,PRJ-2024-00393
erp,PRJ-2024-00394,PRJ-2024-00394
erp,PRJ-2024-00395,PRJ-2024-00395
erp,PRJ-2024-00396,PRJ-2024-00396
erp,PRJ-2024-00397,PRJ-2024-00397
erp,PRJ-2024-00398,PRJ-2024-00398
erp,PRJ-2024-00399,PRJ-2024-00399
erp,PRJ-2024-00400,PRJ-2024-00400
erp,PRJ-2024-00401,PRJ-2024-00401
erp,PRJ-2024-00402,PRJ-2024-00402
erp,PRJ-2024-00403,PRJ-2024-00403
erp,PRJ-2024-00404,PRJ-2024-00404
erp,PRJ-2024-00405,PRJ-2024-00405
erp,PRJ-2024-00406,PRJ-2024-00406
erp,PRJ-2024-00407,PRJ-2024-00407
erp,PRJ-2024-00408,PRJ-2024-00408
erp,PRJ-2024-00409,PRJ-2024-00409
erp,PRJ-2024-00410,PRJ-2024-00410
erp,PRJ-2024-00411,PRJ-2024-00411
erp,PRJ-2024-00412,PRJ-2024-00412
erp,PRJ-2024-00413,PRJ-2024-00413
erp,PRJ-2024-00414,PRJ-2024-00414
erp,PRJ-2024-00415,PRJ-2024-00415
erp,PRJ-2024-00416,PRJ-2024-00416
erp,PRJ-2024-00417,PRJ-2024-00417
erp,PRJ-2024-00418,PRJ-2024-00418
erp,PRJ-2024-00419,PRJ-2024-00419
erp,PRJ-2024-00420,PRJ-2024-00420
erp,PRJ-2024-00421,PRJ-2024-00421
erp,PRJ-2024-00422,PRJ-2024-00422
erp,PRJ-2024-00423,PRJ-2024-00423
erp,PRJ-2024-00424,PRJ-2024-00424
erp,PRJ-2024-00425,PRJ-2024-00425
erp,PRJ-2024-00426,PRJ-2024-00426
erp,PRJ-2024-00427,PRJ-2024-00427
erp,PRJ-2024-00428,PRJ-2024-00428
erp,PRJ-2024-00429,PRJ-2024-00429
erp,PRJ-2024-00430,PRJ-2024-00430
erp,PRJ-2024-00431,PRJ-2024-00431
erp,PRJ-2024-00432,PRJ-2024-00432
erp,PRJ-2024-00433,PRJ-2024-00433
erp,PRJ-2024-00434,PRJ-2024-00434
erp,PRJ-2024-00435,PRJ-2024-00435
erp,PRJ-2024-00436,PRJ-2024-00436
erp,PRJ-2024-00437,PRJ-2024-00437
erp,PRJ-2024-00438,PRJ-2024-00438
erp,PRJ-2024-00439,PRJ-2024-00439
erp,PRJ-2024-00440,PRJ-2024-00440
erp,PRJ-2024-00441,PRJ-2024-00441
erp,PRJ-2024-00442,PRJ-2024-00442
erp,PRJ-2024-00443,PRJ-2024-00443
erp,PRJ-2024-00444,PRJ-2024-00444
erp,nan,nan
erp,PRJ-2024-00446,PRJ-2024-00446
erp,PRJ-2024-00447,PRJ-2024-00447
erp,PRJ-2024-00448,PRJ-2024-00448
erp,PRJ-2024-00449,PRJ-2024-00449
erp,PRJ-2024-00450,PRJ-2024-00450
erp,PRJ-2024-00451,PRJ-2024-00451
erp,PRJ-2024-00452,PRJ-2024-00452
erp,PRJ-2024-00453,PRJ-2024-00453
erp,PRJ-2024-00454,PRJ-2024-00454
erp,PRJ-2024-00455,PRJ-2024-00455
erp,PRJ-2024-00456,PRJ-2024-00456
erp,PRJ-2024-00457,PRJ-2024-00457
erp,PRJ-2024-00458,PRJ-2024-00458
erp,PRJ-2024-00459,PRJ-2024-00459
erp,PRJ-2024-00460,PRJ-2024-00460
erp,PRJ-2024-00461,PRJ-2024-00461
erp,PRJ-2024-00462,PRJ-2024-00462
erp,PRJ-2024-00463,PRJ-2024-00463
erp,PRJ-2024-00464,PRJ-2024-00464
erp,PRJ-2024-00465,PRJ-2024-00465
erp,PRJ-2024-00466,PRJ-2024-00466
erp,PRJ-2024-00467,PRJ-2024-00467
erp,PRJ-2024-00468,PRJ-2024-00468
erp,PRJ-2024-00469,PRJ-2024-00469
erp,PRJ-2024-00470,PRJ-2024-00470
erp,PRJ-2024-00471,PRJ-2024-00471
erp,PRJ-2024-00472,PRJ-2024-00472
erp,PRJ-2024-00473,PRJ-2024-00473
erp,PRJ-2024-00474,PRJ-2024-00474
erp,PRJ-2024-00475,PRJ-2024-00475
erp,PRJ-2024-00476,PRJ-2024-00476
erp,PRJ-2024-00477,PRJ-2024-00477
erp,PRJ-2024-00478,PRJ-2024-00478
erp,PRJ-2024-00479,PRJ-2024-00479
erp,PRJ-2024-00480,PRJ-2024-00480
erp,PRJ-2024-00481,PRJ-2024-00481
erp,PRJ-2024-00482,PRJ-2024-00482
erp,PRJ-2024-00483,PRJ-2024-00483
erp,PRJ-2024-00484,PRJ-2024-00484
erp,PRJ-2024-00485,PRJ-2024-00485
erp,PRJ-2024-00486,PRJ-2024-00486
erp,PRJ-2024-00487,PRJ-2024-00487
erp,PRJ-2024-00488,PRJ-2024-00488
erp,PRJ-2024-00489,PRJ-2024-00489
erp,PRJ-2024-00490,PRJ-2024-00490
erp,PRJ-2024-00491,PRJ-2024-00491
erp,PRJ-2024-00492,PRJ-2024-00492
erp,PRJ-2024-00493,PRJ-2024-00493
erp,PRJ-2024-00494,PRJ-2024-00494
erp,PRJ-2024-00495,PRJ-2024-00495
erp,PRJ-2024-00496,PRJ-2024-00496
erp,PRJ-2024-00497,PRJ-2024-00497
erp,PRJ-2024-00498,PRJ-2024-00498
erp,PRJ-2024-00499,PRJ-2024-00499
erp,PRJ-2024-00500,PRJ-2024-00500
partner,PRJ-2024-00001,PRJ-2024-00001
partner,PRJ-2024-00002,PRJ-2024-00002
partner,PRJ-2024-00003,PRJ-2024-00003
partner,PRJ-2024-00004,PRJ-2024-00004
partner,PRJ-2024-00005,PRJ-2024-00005
partner,PRJ-2024-00006,PRJ-2024-00006
partner,PRJ-2024-00007,PRJ-2024-00007
partner,PRJ-2024-00008,PRJ-2024-00008
partner,PRJ-2024-00009,PRJ-2024-00009
partner,PRJ-2024-00010,PRJ-2024-00010
partner,PRJ-2024-00011,PRJ-2024-00011
partner,PRJ-2024-00012,PRJ-2024-00012
partner,PRJ-2024-00013,PRJ-2024-00013
partner,PRJ-2024-00014,PRJ-2024-00014
partner,PRJ-2024-00015,PRJ-2024-00015
partner,PRJ-2024-00016,PRJ-2024-00016
partner,PRJ-2024-00017,PRJ-2024-00017
partner,PRJ-2024-00018,PRJ-2024-00018
partner,PRJ-2024-00019,PRJ-2024-00019
partner,PRJ-2024-00020,PRJ-2024-00020
partner,PRJ-2024-00021,PRJ-2024-00021
partner,PRJ-2024-00022,PRJ-2024-00022
partner,PRJ-2024-00023,PRJ-2024-00023
partner,PRJ-2024-00024,PRJ-2024-00024
partner,PRJ-2024-00025,PRJ-2024-00025
partner,PRJ-2024-00026,PRJ-2024-00026
partner,PRJ-2024-00027,PRJ-2024-00027
partner,PRJ-2024-00028,PRJ-2024-00028
partner,PRJ-2024-00029,PRJ-2024-00029
partner,PRJ-2024-00030,PRJ-2024-00030
partner,PRJ-2024-00031,PRJ-2024-00031
partner,PRJ-2024-00032,PRJ-2024-00032
partner,PRJ-2024-00033,PRJ-2024-00033
partner,PRJ-2024-00034,PRJ-2024-00034
partner,PRJ-2024-00035,PRJ-2024-00035
partner,PRJ-2024-00036,PRJ-2024-00036
partner,PRJ-2024-00037,PRJ-2024-00037
partner,PRJ-2024-00038,PRJ-2024-00038
partner,PRJ-2024-00039,PRJ-2024-00039
partner,PRJ-2024-00040,PRJ-2024-00040
partner,PRJ-2024-00041,PRJ-2024-00041
partner,PRJ-2024-00042,PRJ-2024-00042
partner,PRJ-2024-00043,PRJ-2024-00043
partner,PRJ-2024-00044,PRJ-2024-00044
partner,PRJ-2024-00045,PRJ-2024-00045
partner,PRJ-2024-00046,PRJ-2024-00046
partner,PRJ-2024-00047,PRJ-2024-00047
partner,PRJ-2024-00048,PRJ-2024-00048
partner,PRJ-2024-00049,PRJ-2024-00049
partner,PRJ-2024-00050,PRJ-2024-00050
partner,PRJ-2024-00051,PRJ-2024-00051
partner,PRJ-2024-00052,PRJ-2024-00052
partner,PRJ-2024-00053,PRJ-2024-00053
partner,PRJ-2024-00054,PRJ-2024-00054
partner,PRJ-2024-00055,PRJ-2024-00055
partner,PRJ-2024-00056,PRJ-2024-00056
partner,PRJ-2024-00057,PRJ-2024-00057
partner,PRJ-2024-00058,PRJ-2024-00058
partner,PRJ-2024-00059,PRJ-2024-00059
partner,PRJ-2024-00060,PRJ-2024-00060
partner,PRJ-2024-00061,PRJ-2024-00061
partner,PRJ-2024-00062,PRJ-2024-00062
partner,PRJ-2024-00063,PRJ-2024-00063
partner,PRJ-2024-00064,PRJ-2024-00064
partner,PRJ-2024-00065,PRJ-2024-00065
partner,PRJ-2024-00066,PRJ-2024-00066
partner,PRJ-2024-00067,PRJ-2024-00067
partner,PRJ-2024-00068,PRJ-2024-00068
partner,PRJ-2024-00069,PRJ-2024-00069
partner,PRJ-2024-00070,PRJ-2024-00070
partner,PRJ-2024-00071,PRJ-2024-00071
partner,PRJ-2024-00072,PRJ-2024-00072
partner,PRJ-2024-00073,PRJ-2024-00073
partner,PRJ-2024-00074,PRJ-2024-00074
partner,PRJ-2024-00075,PRJ-2024-00075
partner,PRJ-2024-00076,PRJ-2024-00076
partner,PRJ-2024-00077,PRJ-2024-00077
partner,PRJ-2024-00078,PRJ-2024-00078
partner,PRJ-2024-00079,PRJ-2024-00079
partner,PRJ-2024-00080,PRJ-2024-00080
partner,PRJ-2024-00081,PRJ-2024-00081
partner,PRJ-2024-00082,PRJ-2024-00082
partner,PRJ-2024-00083,PRJ-2024-00083
partner,PRJ-2024-00084,PRJ-2024-00084
partner,PRJ-2024-00085,PRJ-2024-00085
partner,PRJ-2024-00086,PRJ-2024-00086
partner,PRJ-2024-00087,PRJ-2024-00087
partner,PRJ-2024-00088,PRJ-2024-00088
partner,PRJ-2024-00089,PRJ-2024-00089
partner,PRJ-2024-00090,PRJ-2024-00090
partner,PRJ-2024-00091,PRJ-2024-00091
partner,PRJ-2024-00092,PRJ-2024-00092
partner,PRJ-2024-00093,PRJ-2024-00093
partner,PRJ-2024-00094,PRJ-2024-00094
partner,PRJ-2024-00095,PRJ-2024-00095
partner,PRJ-2024-00096,PRJ-2024-00096
partner,PRJ-2024-00097,PRJ-2024-00097
partner,PRJ-2024-00098,PRJ-2024-00098
partner,PRJ-2024-00099,PRJ-2024-00099
partner,PRJ-2024-00100,PRJ-2024-00100
partner,PRJ-2024-00101,PRJ-2024-00101
partner,PRJ-2024-00102,PRJ-2024-00102
partner,PRJ-2024-00103,PRJ-2024-00103
partner,PRJ-2024-00104,PRJ-2024-00104
partner,PRJ-2024-00105,PRJ-2024-00105
partner,PRJ-2024-00106,PRJ-2024-00106
partner,PRJ-2024-00107,PRJ-2024-00107
partner,PRJ-2024-00108,PRJ-2024-00108
partner,PRJ-2024-00109,PRJ-2024-00109
partner,PRJ-2024-00110,PRJ-2024-00110
partner,PRJ-2024-00111,PRJ-2024-00111
partner,PRJ-2024-00112,PRJ-2024-00112
partner,PRJ-2024-00113,PRJ-2024-00113
partner,PRJ-2024-00114,PRJ-2024-00114
partner,PRJ-2024-00115,PRJ-2024-00115
partner,PRJ-2024-00116,PRJ-2024-00116
partner,PRJ-2024-00117,PRJ-2024-00117
partner,PRJ-2024-00118,PRJ-2024-00118
partner,PRJ-2024-00119,PRJ-2024-00119
partner,PRJ-2024-00120,PRJ-2024-00120
partner,PRJ-2024-00121,PRJ-2024-00121
partner,PRJ-2024-00122,PRJ-2024-00122
partner,PRJ-2024-00123,PRJ-2024-00123
partner,PRJ-2024-00124,PRJ-2024-00124
partner,PRJ-2024-00125,PRJ-2024-00125
partner,PRJ-2024-00126,PRJ-2024-00126
partner,PRJ-2024-00127,PRJ-2024-00127
partner,PRJ-2024-00128,PRJ-2024-00128
partner,PRJ-2024-00129,PRJ-2024-00129
partner,PRJ-2024-00130,PRJ-2024-00130
partner,PRJ-2024-00131,PRJ-2024-00131
partner,PRJ-2024-00132,PRJ-2024-00132
partner,PRJ-2024-00133,PRJ-2024-00133
partner,PRJ-2024-00134,PRJ-2024-00134
partner,PRJ-2024-00135,PRJ-2024-00135
partner,PRJ-2024-00136,PRJ-2024-00136
partner,PRJ-2024-00137,PRJ-2024-00137
partner,PRJ-2024-00138,PRJ-2024-00138
partner,PRJ-2024-00139,PRJ-2024-00139
partner,PRJ-2024-00140,PRJ-2024-00140
partner,PRJ-2024-00141,PRJ-2024-00141
partner,PRJ-2024-00142,PRJ-2024-00142
partner,PRJ-2024-00143,PRJ-2024-00143
partner,PRJ-2024-00144,PRJ-2024-00144
partner,PRJ-2024-00145,PRJ-2024-00145
partner,PRJ-2024-00146,PRJ-2024-00146
partner,PRJ-2024-00147,PRJ-2024-00147
partner,PRJ-2024-00148,PRJ-2024-00148
partner,PRJ-2024-00149,PRJ-2024-00149
partner,PRJ-2024-00150,PRJ-2024-00150
partner,PRJ-2024-00151,PRJ-2024-00151
partner,PRJ-2024-00152,PRJ-2024-00152
partner,PRJ-2024-00153,PRJ-2024-00153
partner,PRJ-2024-00154,PRJ-2024-00154
partner,PRJ-2024-00155,PRJ-2024-00155
partner,PRJ-2024-00156,PRJ-2024-00156
partner,PRJ-2024-00157,PRJ-2024-00157
partner,PRJ-2024-00158,PRJ-2024-00158
partner,PRJ-2024-00159,PRJ-2024-00159
partner,PRJ-2024-00160,PRJ-2024-00160
partner,PRJ-2024-00161,PRJ-2024-00161
partner,PRJ-2024-00162,PRJ-2024-00162
partner,PRJ-2024-00163,PRJ-2024-00163
partner,PRJ-2024-00164,PRJ-2024-00164
partner,PRJ-2024-00165,PRJ-2024-00165
partner,PRJ-2024-00166,PRJ-2024-00166
partner,PRJ-2024-00167,PRJ-2024-00167
partner,PRJ-2024-00168,PRJ-2024-00168
partner,PRJ-2024-00169,PRJ-2024-00169
partner,PRJ-2024-00170,PRJ-2024-00170
partner,PRJ-2024-00171,PRJ-2024-00171
partner,PRJ-2024-00172,PRJ-2024-00172
partner,PRJ-2024-00173,PRJ-2024-00173
partner,PRJ-2024-00174,PRJ-2024-00174
partner,PRJ-2024-00175,PRJ-2024-00175
partner,PRJ-2024-00176,PRJ-2024-00176
partner,PRJ-2024-00177,PRJ-2024-00177
partner,PRJ-2024-00178,PRJ-2024-00178
partner,PRJ-2024-00179,PRJ-2024-00179
partner,PRJ-2024-00180,PRJ-2024-00180
partner,PRJ-2024-00181,PRJ-2024-00181
partner,PRJ-2024-00182,PRJ-2024-00182
partner,PRJ-2024-00183,PRJ-2024-00183
partner,PRJ-2024-00184,PRJ-2024-00184
partner,PRJ-2024-00185,PRJ-2024-00185
partner,PRJ-2024-00186,PRJ-2024-00186
partner,PRJ-2024-00187,PRJ-2024-00187
partner,PRJ-2024-00188,PRJ-2024-00188
partner,PRJ-2024-00189,PRJ-2024-00189
partner,PRJ-2024-00190,PRJ-2024-00190
partner,PRJ-2024-00191,PRJ-2024-00191
partner,PRJ-2024-00192,PRJ-2024-00192
partner,PRJ-2024-00193,PRJ-2024-00193
partner,PRJ-2024-00194,PRJ-2024-00194
partner,PRJ-2024-00195,PRJ-2024-00195
partner,PRJ-2024-00196,PRJ-2024-00196
partner,PRJ-2024-00197,PRJ-2024-00197
partner,PRJ-2024-00198,PRJ-2024-00198
partner,PRJ-2024-00199,PRJ-2024-00199
partner,PRJ-2024-00200,PRJ-2024-00200
partner,PRJ-2024-00201,PRJ-2024-00201
partner,PRJ-2024-00202,PRJ-2024-00202
partner,PRJ-2024-00203,PRJ-2024-00203
partner,PRJ-2024-00204,PRJ-2024-00204
partner,PRJ-2024-00205,PRJ-2024-00205
partner,PRJ-2024-00206,PRJ-2024-00206
partner,PRJ-2024-00207,PRJ-2024-00207
partner,PRJ-2024-00208,PRJ-2024-00208
partner,PRJ-2024-00209,PRJ-2024-00209
partner,PRJ-2024-00210,PRJ-2024-00210
partner,PRJ-2024-00211,PRJ-2024-00211
partner,PRJ-2024-00212,PRJ-2024-00212
partner,PRJ-2024-00213,PRJ-2024-00213
partner,PRJ-2024-00214,PRJ-2024-00214
partner,PRJ-2024-00215,PRJ-2024-00215
partner,PRJ-2024-00216,PRJ-2024-00216
partner,PRJ-2024-00217,PRJ-2024-00217
partner,PRJ-2024-00218,PRJ-2024-00218
partner,PRJ-2024-00219,PRJ-2024-00219
partner,PRJ-2024-00220,PRJ-2024-00220
partner,PRJ-2024-00221,PRJ-2024-00221
partner,PRJ-2024-00222,PRJ-2024-00222
partner,PRJ-2024-00223,PRJ-2024-00223
partner,PRJ-2024-00224,PRJ-2024-00224
partner,PRJ-2024-00225,PRJ-2024-00225
partner,PRJ-2024-00226,PRJ-2024-00226
partner,PRJ-2024-00227,PRJ-2024-00227
partner,PRJ-2024-00228,PRJ-2024-00228
partner,PRJ-2024-00229,PRJ-2024-00229
partner,PRJ-2024-00230,PRJ-2024-00230
partner,PRJ-2024-00231,PRJ-2024-00231
partner,PRJ-2024-00232,PRJ-2024-00232
partner,PRJ-2024-00233,PRJ-2024-00233
partner,PRJ-2024-00234,PRJ-2024-00234
partner,PRJ-2024-00235,PRJ-2024-00235
partner,PRJ-2024-00236,PRJ-2024-00236
partner,PRJ-2024-00237,PRJ-2024-00237
partner,PRJ-2024-00238,PRJ-2024-00238
partner,PRJ-2024-00239,PRJ-2024-00239
partner,PRJ-2024-00240,PRJ-2024-00240
partner,PRJ-2024-00241,PRJ-2024-00241
partner,PRJ-2024-00242,PRJ-2024-00242
partner,PRJ-2024-00243,PRJ-2024-00243
partner,PRJ-2024-00244,PRJ-2024-00244
partner,PRJ-2024-00245,PRJ-2024-00245
partner,PRJ-2024-00246,PRJ-2024-00246
partner,PRJ-2024-00247,PRJ-2024-00247
partner,PRJ-2024-00248,PRJ-2024-00248
partner,PRJ-2024-00249,PRJ-2024-00249
partner,PRJ-2024-00250,PRJ-2024-00250
partner,PRJ-2024-00251,PRJ-2024-00251
partner,PRJ-2024-00252,PRJ-2024-00252
partner,PRJ-2024-00253,PRJ-2024-00253
partner,PRJ-2024-00254,PRJ-2024-00254
partner,PRJ-2024-00255,PRJ-2024-00255
partner,PRJ-2024-00256,PRJ-2024-00256
partner,PRJ-2024-00257,PRJ-2024-00257
partner,PRJ-2024-00258,PRJ-2024-00258
partner,PRJ-2024-00259,PRJ-2024-00259
partner,PRJ-2024-00260,PRJ-2024-00260
partner,PRJ-2024-00261,PRJ-2024-00261
partner,PRJ-2024-00262,PRJ-2024-00262
partner,PRJ-2024-00263,PRJ-2024-00263
partner,PRJ-2024-00264,PRJ-2024-00264
partner,PRJ-2024-00265,PRJ-2024-00265
partner,PRJ-2024-00266,PRJ-2024-00266
partner,PRJ-2024-00267,PRJ-2024-00267
partner,PRJ-2024-00268,PRJ-2024-00268
partner,PRJ-2024-00269,PRJ-2024-00269
partner,PRJ-2024-00270,PRJ-2024-00270
partner,PRJ-2024-00271,PRJ-2024-00271
partner,PRJ-2024-00272,PRJ-2024-00272
partner,PRJ-2024-00273,PRJ-2024-00273
partner,PRJ-2024-00274,PRJ-2024-00274
partner,PRJ-2024-00275,PRJ-2024-00275
partner,PRJ-2024-00276,PRJ-2024-00276
partner,PRJ-2024-00277,PRJ-2024-00277
partner,PRJ-2024-00278,PRJ-2024-00278
partner,PRJ-2024-00279,PRJ-2024-00279
partner,PRJ-2024-00280,PRJ-2024-00280
partner,PRJ-2024-00281,PRJ-2024-00281
partner,PRJ-2024-00282,PRJ-2024-00282
partner,PRJ-2024-00283,PRJ-2024-00283
partner,PRJ-2024-00284,PRJ-2024-00284
partner,PRJ-2024-00285,PRJ-2024-00285
partner,PRJ-2024-00286,PRJ-2024-00286
partner,PRJ-2024-00287,PRJ-2024-00287
partner,PRJ-2024-00288,PRJ-2024-00288
partner,PRJ-2024-00289,PRJ-2024-00289
partner,PRJ-2024-00290,PRJ-2024-00290
partner,PRJ-2024-00291,PRJ-2024-00291
partner,PRJ-2024-00292,PRJ-2024-00292
partner,PRJ-2024-00293,PRJ-2024-00293
partner,PRJ-2024-00294,PRJ-2024-00294
partner,PRJ-2024-00295,PRJ-2024-00295
partner,PRJ-2024-00296,PRJ-2024-00296
partner,PRJ-2024-00297,PRJ-2024-00297
partner,PRJ-2024-00298,PRJ-2024-00298
partner,PRJ-2024-00299,PRJ-2024-00299
partner,PRJ-2024-00300,PRJ-2024-00300
partner,PRJ-2024-00301,PRJ-2024-00301
partner,PRJ-2024-00302,PRJ-2024-00302
partner,PRJ-2024-00303,PRJ-2024-00303
partner,PRJ-2024-00304,PRJ-2024-00304
partner,PRJ-2024-00305,PRJ-2024-00305
partner,PRJ-2024-00306,PRJ-2024-00306
partner,PRJ-2024-00307,PRJ-2024-00307
partner,PRJ-2024-00308,PRJ-2024-00308
partner,PRJ-2024-00309,PRJ-2024-00309
partner,PRJ-2024-00310,PRJ-2024-00310
partner,PRJ-2024-00311,PRJ-2024-00311
partner,PRJ-2024-00312,PRJ-2024-00312
partner,PRJ-2024-00313,PRJ-2024-00313
partner,PRJ-2024-00314,PRJ-2024-00314
partner,PRJ-2024-00315,PRJ-2024-00315
partner,PRJ-2024-00316,PRJ-2024-00316
partner,PRJ-2024-00317,PRJ-2024-00317
partner,PRJ-2024-00318,PRJ-2024-00318
partner,PRJ-2024-00319,PRJ-2024-00319
partner,PRJ-2024-00320,PRJ-2024-00320
partner,PRJ-2024-00321,PRJ-2024-00321
partner,PRJ-2024-00322,PRJ-2024-00322
partner,PRJ-2024-00323,PRJ-2024-00323
partner,PRJ-2024-00324,PRJ-2024-00324
partner,PRJ-2024-00325,PRJ-2024-00325
partner,PRJ-2024-00326,PRJ-2024-00326
partner,PRJ-2024-00327,PRJ-2024-00327
partner,PRJ-2024-00328,PRJ-2024-00328
partner,PRJ-2024-00329,PRJ-2024-00329
partner,PRJ-2024-00330,PRJ-2024-00330
partner,PRJ-2024-00331,PRJ-2024-00331
partner,PRJ-2024-00332,PRJ-2024-00332
partner,PRJ-2024-00333,PRJ-2024-00333
partner,PRJ-2024-00334,PRJ-2024-00334
partner,PRJ-2024-00335,PRJ-2024-00335
partner,PRJ-2024-00336,PRJ-2024-00336
partner,PRJ-2024-00337,PRJ-2024-00337
partner,PRJ-2024-00338,PRJ-2024-00338
partner,PRJ-2024-00339,PRJ-2024-00339
partner,PRJ-2024-00340,PRJ-2024-00340
partner,PRJ-2024-00341,PRJ-2024-00341
partner,PRJ-2024-00342,PRJ-2024-00342
partner,PRJ-2024-00343,PRJ-2024-00343
partner,PRJ-2024-00344,PRJ-2024-00344
partner,PRJ-2024-00345,PRJ-2024-00345
partner,PRJ-2024-00346,PRJ-2024-00346
partner,PRJ-2024-00347,PRJ-2024-00347
partner,PRJ-2024-00348,PRJ-2024-00348
partner,PRJ-2024-00349,PRJ-2024-00349
partner,PRJ-2024-00350,PRJ-2024-00350
partner,PRJ-2024-00351,PRJ-2024-00351
partner,PRJ-2024-00352,PRJ-2024-00352
partner,PRJ-2024-00353,PRJ-2024-00353
partner,PRJ-2024-00354,PRJ-2024-00354
partner,PRJ-2024-00355,PRJ-2024-00355
partner,PRJ-2024-00356,PRJ-2024-00356
partner,PRJ-2024-00357,PRJ-2024-00357
partner,PRJ-2024-00358,PRJ-2024-00358
partner,PRJ-2024-00359,PRJ-2024-00359
partner,PRJ-2024-00360,PRJ-2024-00360
partner,PRJ-2024-00361,PRJ-2024-00361
partner,PRJ-2024-00362,PRJ-2024-00362
partner,PRJ-2024-00363,PRJ-2024-00363
partner,PRJ-2024-00364,PRJ-2024-00364
partner,PRJ-2024-00365,PRJ-2024-00365
partner,PRJ-2024-00366,PRJ-2024-00366
partner,PRJ-2024-00367,PRJ-2024-00367
partner,PRJ-2024-00368,PRJ-2024-00368
partner,PRJ-2024-00369,PRJ-2024-00369
partner,PRJ-2024-00370,PRJ-2024-00370
partner,PRJ-2024-00371,PRJ-2024-00371
partner,PRJ-2024-00372,PRJ-2024-00372
partner,PRJ-2024-00373,PRJ-2024-00373
partner,PRJ-2024-00374,PRJ-2024-00374
partner,PRJ-2024-00375,PRJ-2024-00375
partner,PRJ-2024-00376,PRJ-2024-00376
partner,PRJ-2024-00377,PRJ-2024-00377
partner,PRJ-2024-00378,PRJ-2024-00378
partner,PRJ-2024-00379,PRJ-2024-00379
partner,PRJ-2024-00380,PRJ-2024-00380
partner,PRJ-2024-00381,PRJ-2024-00381
partner,PRJ-2024-00382,PRJ-2024-00382
partner,PRJ-2024-00383,PRJ-2024-00383
partner,PRJ-2024-00384,PRJ-2024-00384
partner,PRJ-2024-00385,PRJ-2024-00385
partner,PRJ-2024-00386,PRJ-2024-00386
partner,PRJ-2024-00387,PRJ-2024-00387
partner,PRJ-2024-00388,PRJ-2024-00388
partner,PRJ-2024-00389,PRJ-2024-00389
partner,PRJ-2024-00390,PRJ-2024-00390
partner,PRJ-2024-00391,PRJ-2024-00391
partner,PRJ-2024-00392,PRJ-2024-00392
partner,PRJ-2024-00393,PRJ-2024-00393
partner,PRJ-2024-00394,PRJ-2024-00394
partner,PRJ-2024-00395,PRJ-2024-00395
partner,PRJ-2024-00396,PRJ-2024-00396
partner,PRJ-2024-00397,PRJ-2024-00397
partner,PRJ-2024-00398,PRJ-2024-00398
partner,PRJ-2024-00399,PRJ-2024-00399
partner,PRJ-2024-00400,PRJ-2024-00400
partner,PRJ-2024-00401,PRJ-2024-00401
partner,PRJ-2024-00402,PRJ-2024-00402
partner,PRJ-2024-00403,PRJ-2024-00403
partner,PRJ-2024-00404,PRJ-2024-00404
partner,PRJ-2024-00405,PRJ-2024-00405
partner,PRJ-2024-00406,PRJ-2024-00406
partner,PRJ-2024-00407,PRJ-2024-00407
partner,PRJ-2024-00408,PRJ-2024-00408
partner,PRJ-2024-00409,PRJ-2024-00409
partner,PRJ-2024-00410,PRJ-2024-00410
partner,PRJ-2024-00411,PRJ-2024-00411
partner,PRJ-2024-00412,PRJ-2024-00412
partner,PRJ-2024-00413,PRJ-2024-00413
partner,PRJ-2024-00414,PRJ-2024-00414
partner,PRJ-2024-00415,PRJ-2024-00415
partner,PRJ-2024-00416,PRJ-2024-00416
partner,PRJ-2024-00417,PRJ-2024-00417
partner,PRJ-2024-00418,PRJ-2024-00418
partner,PRJ-2024-00419,PRJ-2024-00419
partner,PRJ-2024-00420,PRJ-2024-00420
partner,PRJ-2024-00421,PRJ-2024-00421
partner,PRJ-2024-00422,PRJ-2024-00422
partner,PRJ-2024-00423,PRJ-2024-00423
partner,PRJ-2024-00424,PRJ-2024-00424
partner,PRJ-2024-00425,PRJ-2024-00425
partner,PRJ-2024-00426,PRJ-2024-00426
partner,PRJ-2024-00427,PRJ-2024-00427
partner,PRJ-2024-00428,PRJ-2024-00428
partner,PRJ-2024-00429,PRJ-2024-00429
partner,PRJ-2024-00430,PRJ-2024-00430
partner,PRJ-2024-00431,PRJ-2024-00431
partner,PRJ-2024-00432,PRJ-2024-00432
partner,PRJ-2024-00433,PRJ-2024-00433
partner,PRJ-2024-00434,PRJ-2024-00434
partner,PRJ-2024-00435,PRJ-2024-00435
partner,PRJ-2024-00436,PRJ-2024-00436
partner,PRJ-2024-00437,PRJ-2024-00437
partner,PRJ-2024-00438,PRJ-2024-00438
partner,PRJ-2024-00439,PRJ-2024-00439
partner,PRJ-2024-00440,PRJ-2024-00440
partner,PRJ-2024-00441,PRJ-2024-00441
partner,PRJ-2024-00442,PRJ-2024-00442
partner,PRJ-2024-00443,PRJ-2024-00443
partner,PRJ-2024-00444,PRJ-2024-00444
partner,PRJ-2024-00445,PRJ-2024-00445
partner,PRJ-2024-00446,PRJ-2024-00446
partner,PRJ-2024-00447,PRJ-2024-00447
partner,PRJ-2024-00448,PRJ-2024-00448
partner,PRJ-2024-00449,PRJ-2024-00449
partner,PRJ-2024-00450,PRJ-2024-00450
partner,PRJ-2024-00451,PRJ-2024-00451
partner,PRJ-2024-00452,PRJ-2024-00452
partner,PRJ-2024-00453,PRJ-2024-00453
partner,PRJ-2024-00454,PRJ-2024-00454
partner,PRJ-2024-00455,PRJ-2024-00455
partner,PRJ-2024-00456,PRJ-2024-00456
partner,PRJ-2024-00457,PRJ-2024-00457
partner,PRJ-2024-00458,PRJ-2024-00458
partner,PRJ-2024-00459,PRJ-2024-00459
partner,PRJ-2024-00460,PRJ-2024-00460
partner,PRJ-2024-00461,PRJ-2024-00461
partner,PRJ-2024-00462,PRJ-2024-00462
partner,PRJ-2024-00463,PRJ-2024-00463
partner,PRJ-2024-00464,PRJ-2024-00464
partner,PRJ-2024-00465,PRJ-2024-00465
partner,PRJ-2024-00466,PRJ-2024-00466
partner,PRJ-2024-00467,PRJ-2024-00467
partner,PRJ-2024-00468,PRJ-2024-00468
partner,PRJ-2024-00469,PRJ-2024-00469
partner,PRJ-2024-00470,PRJ-2024-00470
partner,PRJ-2024-00471,PRJ-2024-00471
partner,PRJ-2024-00472,PRJ-2024-00472
partner,PRJ-2024-00473,PRJ-2024-00473
partner,PRJ-2024-00474,PRJ-2024-00474
partner,PRJ-2024-00475,PRJ-2024-00475
partner,PRJ-2024-00476,PRJ-2024-00476
partner,PRJ-2024-00477,PRJ-2024-00477
partner,PRJ-2024-00478,PRJ-2024-00478
partner,PRJ-2024-00479,PRJ-2024-00479
partner,PRJ-2024-00480,PRJ-2024-00480
partner,PRJ-2024-00481,PRJ-2024-00481
partner,PRJ-2024-00482,PRJ-2024-00482
partner,PRJ-2024-00483,PRJ-2024-00483
partner,PRJ-2024-00484,PRJ-2024-00484
partner,PRJ-2024-00485,PRJ-2024-00485
partner,PRJ-2024-00486,PRJ-2024-00486
partner,PRJ-2024-00487,PRJ-2024-00487
partner,PRJ-2024-00488,PRJ-2024-00488
partner,PRJ-2024-00489,PRJ-2024-00489
partner,PRJ-2024-00490,PRJ-2024-00490
partner,PRJ-2024-00491,PRJ-2024-00491
partner,PRJ-2024-00492,PRJ-2024-00492
partner,PRJ-2024-00493,PRJ-2024-00493
partner,PRJ-2024-00494,PRJ-2024-00494
partner,PRJ-2024-00495,PRJ-2024-00495
partner,PRJ-2024-00496,PRJ-2024-00496
partner,PRJ-2024-00497,PRJ-2024-00497
partner,PRJ-2024-00498,PRJ-2024-00498
partner,PRJ-2024-00499,PRJ-2024-00499
partner,PRJ-2024-00500,PRJ-2024-00500
document,PRJ-2024-00001,PRJ-2024-00001
document,PRJ-2024-00002,PRJ-2024-00002
document,PRJ-2024-00003,PRJ-2024-00003
document,PRJ-2024-00004,PRJ-2024-00004
document,PRJ-2024-00005,PRJ-2024-00005
document,PRJ-2024-00006,PRJ-2024-00006
document,PRJ-2024-00007,PRJ-2024-00007
document,PRJ-2024-00008,PRJ-2024-00008
document,PRJ-2024-00009,PRJ-2024-00009
document,PRJ-2024-00010,PRJ-2024-00010
document,PRJ-2024-00011,PRJ-2024-00011
document,PRJ-2024-00012,PRJ-2024-00012
document,PRJ-2024-00013,PRJ-2024-00013
document,PRJ-2024-00014,PRJ-2024-00014
document,PRJ-2024-00015,PRJ-2024-00015
document,PRJ-2024-00016,PRJ-2024-00016
document,PRJ-2024-00017,PRJ-2024-00017
document,PRJ-2024-00018,PRJ-2024-00018
document,PRJ-2024-00019,PRJ-2024-00019
document,PRJ-2024-00020,PRJ-2024-00020
document,PRJ-2024-00021,PRJ-2024-00021
document,PRJ-2024-00022,PRJ-2024-00022
document,PRJ-2024-00023,PRJ-2024-00023
document,PRJ-2024-00024,PRJ-2024-00024
document,PRJ-2024-00025,PRJ-2024-00025
document,PRJ-2024-00026,PRJ-2024-00026
document,PRJ-2024-00027,PRJ-2024-00027
document,PRJ-2024-00028,PRJ-2024-00028
document,PRJ-2024-00029,PRJ-2024-00029
document,PRJ-2024-00030,PRJ-2024-00030
document,PRJ-2024-00031,PRJ-2024-00031
document,PRJ-2024-00032,PRJ-2024-00032
document,PRJ-2024-00033,PRJ-2024-00033
document,PRJ-2024-00034,PRJ-2024-00034
document,PRJ-2024-00035,PRJ-2024-00035
document,PRJ-2024-00036,PRJ-2024-00036
document,PRJ-2024-00037,PRJ-2024-00037
document,PRJ-2024-00038,PRJ-2024-00038
document,PRJ-2024-00039,PRJ-2024-00039
document,PRJ-2024-00040,PRJ-2024-00040
document,PRJ-2024-00041,PRJ-2024-00041
document,prj-2024-00042,prj-2024-00042
document,PRJ-2024-00043,PRJ-2024-00043
document,PRJ-2024-00044,PRJ-2024-00044
document,PRJ-2024-00045,PRJ-2024-00045
document,PRJ-2024-00046,PRJ-2024-00046
document,PRJ-2024-00047,PRJ-2024-00047
document,PRJ-2024-00048,PRJ-2024-00048
document,PRJ-2024-00049,PRJ-2024-00049
document,PRJ-2024-00050,PRJ-2024-00050
document,PRJ-2024-00051,PRJ-2024-00051
document,PRJ-2024-00052,PRJ-2024-00052
document,PRJ-2024-00053,PRJ-2024-00053
document,PRJ-2024-00054,PRJ-2024-00054
document,PRJ-2024-00055,PRJ-2024-00055
document,PRJ-2024-00056,PRJ-2024-00056
document,PRJ-2024-00057,PRJ-2024-00057
document,PRJ-2024-00058,PRJ-2024-00058
document,PRJ-2024-00059,PRJ-2024-00059
document,PRJ-2024-00060,PRJ-2024-00060
document,PRJ-2024-00061,PRJ-2024-00061
document,PRJ-2024-00062,PRJ-2024-00062
document,PRJ-2024-00063,PRJ-2024-00063
document,PRJ-2024-00064,PRJ-2024-00064
document,PRJ-2024-00065,PRJ-2024-00065
document,PRJ-2024-00066,PRJ-2024-00066
document,PRJ-2024-00067,PRJ-2024-00067
document,PRJ-2024-00068,PRJ-2024-00068
document,PRJ-2024-00069,PRJ-2024-00069
document,PRJ-2024-00070,PRJ-2024-00070
document,PRJ-2024-00071,PRJ-2024-00071
document,PRJ-2024-00072,PRJ-2024-00072
document,PRJ-2024-00073,PRJ-2024-00073
document,PRJ-2024-00074,PRJ-2024-00074
document,PRJ-2024-00075,PRJ-2024-00075
document,PRJ-2024-00076,PRJ-2024-00076
document,PRJ-2024-00077,PRJ-2024-00077
document,PRJ-2024-00078,PRJ-2024-00078
document,PRJ-2024-00079,PRJ-2024-00079
document,PRJ-2024-00080,PRJ-2024-00080
document,PRJ-2024-00081,PRJ-2024-00081
document,PRJ-2024-00082,PRJ-2024-00082
document,PRJ-2024-00083,PRJ-2024-00083
document,PRJ-2024-00084,PRJ-2024-00084
document,PRJ-2024-00085,PRJ-2024-00085
document,PRJ-2024-00086,PRJ-2024-00086
document,PRJ-2024-00087,PRJ-2024-00087
document,PRJ-2024-00088,PRJ-2024-00088
document,PRJ-2024-00089,PRJ-2024-00089
document,PRJ-2024-00090,PRJ-2024-00090
document,PRJ-2024-00091,PRJ-2024-00091
document,PRJ-2024-00092,PRJ-2024-00092
document,PRJ-2024-00093,PRJ-2024-00093
document,PRJ-2024-00094,PRJ-2024-00094
document,PRJ-2024-00095,PRJ-2024-00095
document,PRJ-2024-00096,PRJ-2024-00096
document,PRJ-2024-00097,PRJ-2024-00097
document,PRJ-2024-00098,PRJ-2024-00098
document,PRJ-2024-00099,PRJ-2024-00099
document,PRJ-2024-00100,PRJ-2024-00100
document,PRJ-2024-00101,PRJ-2024-00101
document,PRJ-2024-00102,PRJ-2024-00102
document,PRJ-2024-00103,PRJ-2024-00103
document,PRJ-2024-00104,PRJ-2024-00104
document,PRJ-2024-00105,PRJ-2024-00105
document,PRJ-2024-00106,PRJ-2024-00106
document,PRJ-2024-00107,PRJ-2024-00107
document,PRJ-2024-00108,PRJ-2024-00108
document,PRJ-2024-00109,PRJ-2024-00109
document,PRJ-2024-00110,PRJ-2024-00110
document,PRJ-2024-00111,PRJ-2024-00111
document,PRJ-2024-00112,PRJ-2024-00112
document,PRJ-2024-00113,PRJ-2024-00113
document,PRJ-2024-00114,PRJ-2024-00114
document,PRJ-2024-00115,PRJ-2024-00115
document,PRJ-2024-00116,PRJ-2024-00116
document,PRJ-2024-00117,PRJ-2024-00117
document,PRJ-2024-00118,PRJ-2024-00118
document,PRJ-2024-00119,PRJ-2024-00119
document,PRJ-2024-00120,PRJ-2024-00120
document,PRJ-2024-00121,PRJ-2024-00121
document,PRJ-2024-00122,PRJ-2024-00122
document,PRJ-2024-00123,PRJ-2024-00123
document,PRJ-2024-00124,PRJ-2024-00124
document,PRJ-2024-00125,PRJ-2024-00125
document,PRJ-2024-00126,PRJ-2024-00126
document,PRJ-2024-00127,PRJ-2024-00127
document,PRJ-2024-00128,PRJ-2024-00128
document,PRJ-2024-00129,PRJ-2024-00129
document,PRJ-2024-00130,PRJ-2024-00130
document,PRJ-2024-00131,PRJ-2024-00131
document,PRJ-2024-00132,PRJ-2024-00132
document,PRJ-2024-00133,PRJ-2024-00133
document,PRJ-2024-00134,PRJ-2024-00134
document,PRJ-2024-00135,PRJ-2024-00135
document,PRJ-2024-00136,PRJ-2024-00136
document,PRJ-2024-00137,PRJ-2024-00137
document,PRJ-2024-00138,PRJ-2024-00138
document,PRJ-2024-00139,PRJ-2024-00139
document,PRJ-2024-00140,PRJ-2024-00140
document,PRJ-2024-00141,PRJ-2024-00141
document,PRJ-2024-00142,PRJ-2024-00142
document,PRJ-2024-00143,PRJ-2024-00143
document,PRJ-2024-00144,PRJ-2024-00144
document,PRJ-2024-00145,PRJ-2024-00145
document,PRJ-2024-00146,PRJ-2024-00146
document,PRJ-2024-00147,PRJ-2024-00147
document,PRJ-2024-00148,PRJ-2024-00148
document,PRJ-2024-00149,PRJ-2024-00149
document,PRJ-2024-00150,PRJ-2024-00150
document,PRJ-2024-00151,PRJ-2024-00151
document,PRJ-2024-00152,PRJ-2024-00152
document,PRJ-2024-00153,PRJ-2024-00153
document,PRJ-2024-00154,PRJ-2024-00154
document,PRJ-2024-00155,PRJ-2024-00155
document,PRJ-2024-00156,PRJ-2024-00156
document,PRJ-2024-00157,PRJ-2024-00157
document,PRJ-2024-00158,PRJ-2024-00158
document,PRJ-2024-00159,PRJ-2024-00159
document,PRJ-2024-00160,PRJ-2024-00160
document,PRJ-2024-00161,PRJ-2024-00161
document,PRJ-2024-00162,PRJ-2024-00162
document,PRJ-2024-00163,PRJ-2024-00163
document,PRJ-2024-00164,PRJ-2024-00164
document,PRJ-2024-00165,PRJ-2024-00165
document,PRJ-2024-00166,PRJ-2024-00166
document,PRJ-2024-00167,PRJ-2024-00167
document,PRJ-2024-00168,PRJ-2024-00168
document,PRJ-2024-00169,PRJ-2024-00169
document,PRJ-2024-00170,PRJ-2024-00170
document,PRJ-2024-00171,PRJ-2024-00171
document,PRJ-2024-00172,PRJ-2024-00172
document,PRJ-2024-00173,PRJ-2024-00173
document,PRJ-2024-00174,PRJ-2024-00174
document,PRJ-2024-00175,PRJ-2024-00175
document,PRJ-2024-00176,PRJ-2024-00176
document,PRJ-2024-00177,PRJ-2024-00177
document,PRJ-2024-00178,PRJ-2024-00178
document,PRJ-2024-00179,PRJ-2024-00179
document,PRJ-2024-00180,PRJ-2024-00180
document,PRJ-2024-00181,PRJ-2024-00181
document,PRJ-2024-00182,PRJ-2024-00182
document,PRJ-2024-00183,PRJ-2024-00183
document,PRJ-2024-00184,PRJ-2024-00184
document,PRJ-2024-00185,PRJ-2024-00185
document,PRJ-2024-00186,PRJ-2024-00186
document,PRJ-2024-00187,PRJ-2024-00187
document,PRJ-2024-00188,PRJ-2024-00188
document,PRJ-2024-00189,PRJ-2024-00189
document,PRJ-2024-00190,PRJ-2024-00190
document,PRJ-2024-00191,PRJ-2024-00191
document,PRJ-2024-00192,PRJ-2024-00192
document,PRJ-2024-00193,PRJ-2024-00193
document,PRJ-2024-00194,PRJ-2024-00194
document,PRJ-2024-00195,PRJ-2024-00195
document,PRJ-2024-00196,PRJ-2024-00196
document,PRJ-2024-00197,PRJ-2024-00197
document,PRJ-2024-00198,PRJ-2024-00198
document,PRJ-2024-00199,PRJ-2024-00199
document,PRJ-2024-00200,PRJ-2024-00200
document,PRJ-2024-00201,PRJ-2024-00201
document,PRJ-2024-00202,PRJ-2024-00202
document,PRJ-2024-00203,PRJ-2024-00203
document,PRJ-2024-00204,PRJ-2024-00204
document,PRJ-2024-00205,PRJ-2024-00205
document,PRJ-2024-00206,PRJ-2024-00206
document,PRJ-2024-00207,PRJ-2024-00207
document,PRJ-2024-00208,PRJ-2024-00208
document,PRJ-2024-00209,PRJ-2024-00209
document,PRJ-2024-00210,PRJ-2024-00210
document,PRJ-2024-00211,PRJ-2024-00211
document,prj-2024-00212,prj-2024-00212
document,PRJ-2024-00213,PRJ-2024-00213
document,PRJ-2024-00214,PRJ-2024-00214
document,PRJ-2024-00215,PRJ-2024-00215
document,PRJ-2024-00216,PRJ-2024-00216
document,PRJ-2024-00217,PRJ-2024-00217
document,PRJ-2024-00218,PRJ-2024-00218
document,PRJ-2024-00219,PRJ-2024-00219
document,PRJ-2024-00220,PRJ-2024-00220
document,PRJ-2024-00221,PRJ-2024-00221
document,PRJ-2024-00222,PRJ-2024-00222
document,PRJ-2024-00223,PRJ-2024-00223
document,PRJ-2024-00224,PRJ-2024-00224
document,PRJ-2024-00225,PRJ-2024-00225
document,PRJ-2024-00226,PRJ-2024-00226
document,PRJ-2024-00227,PRJ-2024-00227
document,PRJ-2024-00228,PRJ-2024-00228
document,PRJ-2024-00229,PRJ-2024-00229
document,PRJ-2024-00230,PRJ-2024-00230
document,PRJ-2024-00231,PRJ-2024-00231
document,PRJ-2024-00232,PRJ-2024-00232
document,PRJ-2024-00233,PRJ-2024-00233
document,PRJ-2024-00234,PRJ-2024-00234
document,PRJ-2024-00235,PRJ-2024-00235
document,PRJ-2024-00236,PRJ-2024-00236
document,PRJ-2024-00237,PRJ-2024-00237
document,PRJ-2024-00238,PRJ-2024-00238
document,PRJ-2024-00239,PRJ-2024-00239
document,PRJ-2024-00240,PRJ-2024-00240
document,PRJ-2024-00241,PRJ-2024-00241
document,PRJ-2024-00242,PRJ-2024-00242
document,PRJ-2024-00243,PRJ-2024-00243
document,PRJ-2024-00244,PRJ-2024-00244
document,PRJ-2024-00245,PRJ-2024-00245
document,PRJ-2024-00246,PRJ-2024-00246
document,PRJ-2024-00247,PRJ-2024-00247
document,PRJ-2024-00248,PRJ-2024-00248
document,PRJ-2024-00249,PRJ-2024-00249
document,PRJ-2024-00250,PRJ-2024-00250
document,PRJ-2024-00251,PRJ-2024-00251
document,PRJ-2024-00252,PRJ-2024-00252
document,PRJ-2024-00253,PRJ-2024-00253
document,PRJ-2024-00254,PRJ-2024-00254
document,PRJ-2024-00255,PRJ-2024-00255
document,PRJ-2024-00256,PRJ-2024-00256
document,PRJ-2024-00257,PRJ-2024-00257
document,PRJ-2024-00258,PRJ-2024-00258
document,PRJ-2024-00259,PRJ-2024-00259
document,PRJ-2024-00260,PRJ-2024-00260
document,PRJ-2024-00261,PRJ-2024-00261
document,PRJ-2024-00262,PRJ-2024-00262
document,PRJ-2024-00263,PRJ-2024-00263
document,PRJ-2024-00264,PRJ-2024-00264
document,PRJ-2024-00265,PRJ-2024-00265
document,PRJ-2024-00266,PRJ-2024-00266
document,PRJ-2024-00267,PRJ-2024-00267
document,PRJ-2024-00268,PRJ-2024-00268
document,PRJ-2024-00269,PRJ-2024-00269
document,PRJ-2024-00270,PRJ-2024-00270
document,PRJ-2024-00271,PRJ-2024-00271
document,PRJ-2024-00272,PRJ-2024-00272
document,PRJ-2024-00273,PRJ-2024-00273
document,PRJ-2024-00274,PRJ-2024-00274
document,PRJ-2024-00275,PRJ-2024-00275
document,PRJ-2024-00276,PRJ-2024-00276
document,PRJ-2024-00277,PRJ-2024-00277
document,PRJ-2024-00278,PRJ-2024-00278
document,PRJ-2024-00279,PRJ-2024-00279
document,PRJ-2024-00280,PRJ-2024-00280
document,PRJ-2024-00281,PRJ-2024-00281
document,PRJ-2024-00282,PRJ-2024-00282
document,PRJ-2024-00283,PRJ-2024-00283
document,PRJ-2024-00284,PRJ-2024-00284
document,PRJ-2024-00285,PRJ-2024-00285
document,PRJ-2024-00286,PRJ-2024-00286
document,PRJ-2024-00287,PRJ-2024-00287
document,PRJ-2024-00288,PRJ-2024-00288
document,PRJ-2024-00289,PRJ-2024-00289
document,PRJ-2024-00290,PRJ-2024-00290
document,PRJ-2024-00291,PRJ-2024-00291
document,PRJ-2024-00292,PRJ-2024-00292
document,PRJ-2024-00293,PRJ-2024-00293
document,PRJ-2024-00294,PRJ-2024-00294
document,PRJ-2024-00295,PRJ-2024-00295
document,PRJ-2024-00296,PRJ-2024-00296
document,PRJ-2024-00297,PRJ-2024-00297
document,PRJ-2024-00298,PRJ-2024-00298
document,PRJ-2024-00299,PRJ-2024-00299
document,PRJ-2024-00300,PRJ-2024-00300
document,PRJ-2024-00301,PRJ-2024-00301
document,PRJ-2024-00302,PRJ-2024-00302
document,PRJ-2024-00303,PRJ-2024-00303
document,PRJ-2024-00304,PRJ-2024-00304
document,PRJ-2024-00305,PRJ-2024-00305
document,PRJ-2024-00306,PRJ-2024-00306
document,PRJ-2024-00307,PRJ-2024-00307
document,PRJ-2024-00308,PRJ-2024-00308
document,PRJ-2024-00309,PRJ-2024-00309
document,PRJ-2024-00310,PRJ-2024-00310
document,PRJ-2024-00311,PRJ-2024-00311
document,PRJ-2024-00312,PRJ-2024-00312
document,PRJ-2024-00313,PRJ-2024-00313
document,PRJ-2024-00314,PRJ-2024-00314
document,PRJ-2024-00315,PRJ-2024-00315
document,PRJ-2024-00316,PRJ-2024-00316
document,PRJ-2024-00317,PRJ-2024-00317
document,PRJ-2024-00318,PRJ-2024-00318
document,PRJ-2024-00319,PRJ-2024-00319
document,PRJ-2024-00320,PRJ-2024-00320
document,PRJ-2024-00321,PRJ-2024-00321
document,PRJ-2024-00322,PRJ-2024-00322
document,PRJ-2024-00323,PRJ-2024-00323
document,PRJ-2024-00324,PRJ-2024-00324
document,PRJ-2024-00325,PRJ-2024-00325
document,PRJ-2024-00326,PRJ-2024-00326
document,PRJ-2024-00327,PRJ-2024-00327
document,PRJ-2024-00328,PRJ-2024-00328
document,PRJ-2024-00329,PRJ-2024-00329
document,PRJ-2024-00330,PRJ-2024-00330
document,PRJ-2024-00331,PRJ-2024-00331
document,PRJ-2024-00332,PRJ-2024-00332
document,PRJ-2024-00333,PRJ-2024-00333
document,PRJ-2024-00334,PRJ-2024-00334
document,PRJ-2024-00335,PRJ-2024-00335
document,PRJ-2024-00336,PRJ-2024-00336
document,PRJ-2024-00337,PRJ-2024-00337
document,PRJ-2024-00338,PRJ-2024-00338
document,PRJ-2024-00339,PRJ-2024-00339
document,PRJ-2024-00340,PRJ-2024-00340
document,PRJ-2024-00341,PRJ-2024-00341
document,PRJ-2024-00342,PRJ-2024-00342
document,PRJ-2024-00343,PRJ-2024-00343
document,PRJ-2024-00344,PRJ-2024-00344
document,PRJ-2024-00345,PRJ-2024-00345
document,PRJ-2024-00346,PRJ-2024-00346
document,PRJ-2024-00347,PRJ-2024-00347
document,PRJ-2024-00348,PRJ-2024-00348
document,PRJ-2024-00349,PRJ-2024-00349
document,PRJ-2024-00350,PRJ-2024-00350
document,PRJ-2024-00351,PRJ-2024-00351
document,PRJ-2024-00352,PRJ-2024-00352
document,PRJ-2024-00353,PRJ-2024-00353
document,PRJ-2024-00354,PRJ-2024-00354
document,PRJ-2024-00355,PRJ-2024-00355
document,PRJ-2024-00356,PRJ-2024-00356
document,PRJ-2024-00357,PRJ-2024-00357
document,PRJ-2024-00358,PRJ-2024-00358
document,PRJ-2024-00359,PRJ-2024-00359
document,PRJ-2024-00360,PRJ-2024-00360
document,PRJ-2024-00361,PRJ-2024-00361
document,PRJ-2024-00362,PRJ-2024-00362
document,PRJ-2024-00363,PRJ-2024-00363
document,PRJ-2024-00364,PRJ-2024-00364
document,PRJ-2024-00365,PRJ-2024-00365
document,PRJ-2024-00366,PRJ-2024-00366
document,PRJ-2024-00367,PRJ-2024-00367
document,PRJ-2024-00368,PRJ-2024-00368
document,PRJ-2024-00369,PRJ-2024-00369
document,PRJ-2024-00370,PRJ-2024-00370
document,PRJ-2024-00371,PRJ-2024-00371
document,PRJ-2024-00372,PRJ-2024-00372
document,PRJ-2024-00373,PRJ-2024-00373
document,PRJ-2024-00374,PRJ-2024-00374
document,PRJ-2024-00375,PRJ-2024-00375
document,PRJ-2024-00376,PRJ-2024-00376
document,PRJ-2024-00377,PRJ-2024-00377
document,PRJ-2024-00378,PRJ-2024-00378
document,PRJ-2024-00379,PRJ-2024-00379
document,PRJ-2024-00380,PRJ-2024-00380
document,PRJ-2024-00381,PRJ-2024-00381
document,PRJ-2024-00382,PRJ-2024-00382
document,PRJ-2024-00383,PRJ-2024-00383
document,PRJ-2024-00384,PRJ-2024-00384
document,PRJ-2024-00385,PRJ-2024-00385
document,PRJ-2024-00386,PRJ-2024-00386
document,PRJ-2024-00387,PRJ-2024-00387
document,PRJ-2024-00388,PRJ-2024-00388
document,PRJ-2024-00389,PRJ-2024-00389
document,PRJ-2024-00390,PRJ-2024-00390
document,PRJ-2024-00391,PRJ-2024-00391
document,PRJ-2024-00392,PRJ-2024-00392
document,PRJ-2024-00393,PRJ-2024-00393
document,PRJ-2024-00394,PRJ-2024-00394
document,PRJ-2024-00395,PRJ-2024-00395
document,PRJ-2024-00396,PRJ-2024-00396
document,PRJ-2024-00397,PRJ-2024-00397
document,PRJ-2024-00398,PRJ-2024-00398
document,PRJ-2024-00399,PRJ-2024-00399
document,PRJ-2024-00400,PRJ-2024-00400
document,PRJ-2024-00401,PRJ-2024-00401
document,PRJ-2024-00402,PRJ-2024-00402
document,PRJ-2024-00403,PRJ-2024-00403
document,PRJ-2024-00404,PRJ-2024-00404
document,PRJ-2024-00405,PRJ-2024-00405
document,PRJ-2024-00406,PRJ-2024-00406
document,PRJ-2024-00407,PRJ-2024-00407
document,PRJ-2024-00408,PRJ-2024-00408
document,PRJ-2024-00409,PRJ-2024-00409
document,PRJ-2024-00410,PRJ-2024-00410
document,PRJ-2024-00411,PRJ-2024-00411
document,PRJ-2024-00412,PRJ-2024-00412
document,PRJ-2024-00413,PRJ-2024-00413
document,PRJ-2024-00414,PRJ-2024-00414
document,PRJ-2024-00415,PRJ-2024-00415
document,PRJ-2024-00416,PRJ-2024-00416
document,PRJ-2024-00417,PRJ-2024-00417
document,PRJ-2024-00418,PRJ-2024-00418
document,PRJ-2024-00419,PRJ-2024-00419
document,PRJ-2024-00420,PRJ-2024-00420
document,PRJ-2024-00421,PRJ-2024-00421
document,PRJ-2024-00422,PRJ-2024-00422
document,PRJ-2024-00423,PRJ-2024-00423
document,PRJ-2024-00424,PRJ-2024-00424
document,PRJ-2024-00425,PRJ-2024-00425
document,PRJ-2024-00426,PRJ-2024-00426
document,PRJ-2024-00427,PRJ-2024-00427
document,PRJ-2024-00428,PRJ-2024-00428
document,PRJ-2024-00429,PRJ-2024-00429
document,PRJ-2024-00430,PRJ-2024-00430
document,PRJ-2024-00431,PRJ-2024-00431
document,PRJ-2024-00432,PRJ-2024-00432
document,PRJ-2024-00433,PRJ-2024-00433
document,PRJ-2024-00434,PRJ-2024-00434
document,PRJ-2024-00435,PRJ-2024-00435
document,PRJ-2024-00436,PRJ-2024-00436
document,PRJ-2024-00437,PRJ-2024-00437
document,PRJ-2024-00438,PRJ-2024-00438
document,PRJ-2024-00439,PRJ-2024-00439
document,PRJ-2024-00440,PRJ-2024-00440
document,PRJ-2024-00441,PRJ-2024-00441
document,PRJ-2024-00442,PRJ-2024-00442
document,PRJ-2024-00443,PRJ-2024-00443
document,PRJ-2024-00444,PRJ-2024-00444
document,PRJ-2024-00445,PRJ-2024-00445
document,PRJ-2024-00446,PRJ-2024-00446
document,PRJ-2024-00447,PRJ-2024-00447
document,PRJ-2024-00448,PRJ-2024-00448
document,PRJ-2024-00449,PRJ-2024-00449
document,PRJ-2024-00450,PRJ-2024-00450
document,PRJ-2024-00451,PRJ-2024-00451
document,PRJ-2024-00452,PRJ-2024-00452
document,PRJ-2024-00453,PRJ-2024-00453
document,PRJ-2024-00454,PRJ-2024-00454
document,PRJ-2024-00455,PRJ-2024-00455
document,PRJ-2024-00456,PRJ-2024-00456
document,PRJ-2024-00457,PRJ-2024-00457
document,PRJ-2024-00458,PRJ-2024-00458
document,PRJ-2024-00459,PRJ-2024-00459
document,PRJ-2024-00460,PRJ-2024-00460
document,PRJ-2024-00461,PRJ-2024-00461
document,PRJ-2024-00462,PRJ-2024-00462
document,PRJ-2024-00463,PRJ-2024-00463
document,PRJ-2024-00464,PRJ-2024-00464
document,PRJ-2024-00465,PRJ-2024-00465
document,PRJ-2024-00466,PRJ-2024-00466
document,PRJ-2024-00467,PRJ-2024-00467
document,PRJ-2024-00468,PRJ-2024-00468
document,PRJ-2024-00469,PRJ-2024-00469
document,PRJ-2024-00470,PRJ-2024-00470
document,PRJ-2024-00471,PRJ-2024-00471
document,PRJ-2024-00472,PRJ-2024-00472
document,PRJ-2024-00473,PRJ-2024-00473
document,PRJ-2024-00474,PRJ-2024-00474
document,PRJ-2024-00475,PRJ-2024-00475
document,PRJ-2024-00476,PRJ-2024-00476
document,PRJ-2024-00477,PRJ-2024-00477
document,PRJ-2024-00478,PRJ-2024-00478
document,PRJ-2024-00479,PRJ-2024-00479
document,PRJ-2024-00480,PRJ-2024-00480
document,PRJ-2024-00481,PRJ-2024-00481
document,PRJ-2024-00482,PRJ-2024-00482
document,PRJ-2024-00483,PRJ-2024-00483
document,PRJ-2024-00484,PRJ-2024-00484
document,PRJ-2024-00485,PRJ-2024-00485
document,PRJ-2024-00486,PRJ-2024-00486
document,PRJ-2024-00487,PRJ-2024-00487
document,PRJ-2024-00488,PRJ-2024-00488
document,PRJ-2024-00489,PRJ-2024-00489
document,PRJ-2024-00490,PRJ-2024-00490
document,PRJ-2024-00491,PRJ-2024-00491
document,PRJ-2024-00492,PRJ-2024-00492
document,PRJ-2024-00493,PRJ-2024-00493
document,PRJ-2024-00494,PRJ-2024-00494
document,PRJ-2024-00495,PRJ-2024-00495
document,PRJ-2024-00496,PRJ-2024-00496
document,PRJ-2024-00497,PRJ-2024-00497
document,PRJ-2024-00498,PRJ-2024-00498
document,PRJ-2024-00499,PRJ-2024-00499
document,PRJ-2024-00500,PRJ-2024-00500
