pair_id,decision,reason,timestamp,model_version
PAIR-000001,APPROVE / MATCH,AI classification: STATUS_CONFLICT,2026-09-27T15:50:07.634092,v1.0
PAIR-000002,REJECT / NON-MATCH,AI classification: ENTITY_MISMATCH,2026-09-27T15:50:07.634092,v1.0
PAIR-000003,REJECT / NON-MATCH,AI classification: ENTITY_MISMATCH,2026-09-27T15:50:07.634092,v1.0
PAIR-000004,REJECT / NON-MATCH,AI classification: ENTITY_MISMATCH,2026-09-27T15:50:07.634092,v1.0
PAIR-000005,REJECT / NON-MATCH,AI classification: ENTITY_MISMATCH,2026-09-27T15:50:07.634092,v1.0
PAIR-000006,REJECT / NON-MATCH,AI classification: ENTITY_MISMATCH,2026-09-27T15:50:07.634092,v1.0
PAIR-000007,APPROVE / MATCH,AI classification: STATUS_CONFLICT,2026-09-27T15:50:07.634092,v1.0
PAIR-000008,REJECT / NON-MATCH,AI classification: ENTITY_MISMATCH,2026-09-27T15:50:07.634092,v1.0
PAIR-000009,REJECT / NON-MATCH,AI classification: ENTITY_MISMATCH,2026-09-27T15:50:07.634092,v1.0
PAIR-000010,REJECT / NON-MATCH,AI classification: ENTITY_MISMATCH,2026-09-27T15:50:07.634092,v1.0
PAIR-000011,REJECT / NON-MATCH,AI classification: ENTITY_MISMATCH,2026-09-27T15:50:07.634092,v1.0
PAIR-000012,REJECT / NON-MATCH,AI classification: ENTITY_MISMATCH,2026-09-27T15:50:07.634092,v1.0
PAIR-000013,APPROVE / MATCH,AI classification: FORMATTING_DIFFERENCE,2026-09-27T15:50:07.634092,v1.0
PAIR-000014,REJECT / NON-MATCH,AI classification: ENTITY_MISMATCH,2026-09-27T15:50:07.634092,v1.0
PAIR-000015,REJECT / NON-MATCH,AI classification: ENTITY_MISMATCH,2026-09-27T15:50:07.634092,v1.0
PAIR-000016,REJECT / NON-MATCH,AI classification: ENTITY_MISMATCH,2026-09-27T15:50:07.634092,v1.0
PAIR-000017,REJECT / NON-MATCH,AI classification: ENTITY_MISMATCH,2026-09-27T15:50:07.634092,v1.0
PAIR-000018,REJECT / NON-MATCH,AI classification: ENTITY_MISMATCH,2026-09-27T15:50:07.634092,v1.0
PAIR-000019,APPROVE / MATCH,AI classification: FORMATTING_DIFFERENCE,2026-09-27T15:50:07.634092,v1.0
PAIR-000020,REJECT / NON-MATCH,AI classification: ENTITY_MISMATCH,2026-09-27T15:50:07.634092,v1.0
PAIR-000021,REJECT / NON-MATCH,AI classification: ENTITY_MISMATCH,2026-09-27T15:50:07.634092,v1.0
PAIR-000022,REJECT / NON-MATCH,AI classification: ENTITY_MISMATCH,2026-09-27T15:50:07.634092,v1.0
PAIR-000023,REJECT / NON-MATCH,AI classification: ENTITY_MISMATCH,2026-09-27T15:50:07.634092,v1.0
PAIR-000024,REJECT / NON-MATCH,AI classification: ENTITY_MISMATCH,2026-09-27T15:50:07.634092,v1.0
PAIR-000025,APPROVE / MATCH,AI classification: FORMATTING_DIFFERENCE,2026-09-27T15:50:07.634092,v1.0
PAIR-000026,REJECT / NON-MATCH,AI classification: ENTITY_MISMATCH,2026-09-27T15:50:07.634092,v1.0
PAIR-000027,REJECT / NON-MATCH,AI classification: ENTITY_MISMATCH,2026-09-27T15:50:07.634092,v1.0
PAIR-000028,REJECT / NON-MATCH,AI classification: ENTITY_MISMATCH,2026-09-27T15:50:07.634092,v1.0
PAIR-000029,REJECT / NON-MATCH,AI classification: ENTITY_MISMATCH,2026-09-27T15:50:07.634092,v1.0
PAIR-000030,REJECT / NON-MATCH,AI classification: ENTITY_MISMATCH,2026-09-27T15:50:07.634092,v1.0
PAIR-000031,APPROVE / MATCH,AI classification: STATUS_CONFLICT,2026-09-27T15:50:07.634092,v1.0
PAIR-000032,REJECT / NON-MATCH,AI classification: ENTITY_MISMATCH,2026-09-27T15:50:07.634092,v1.0
PAIR-000033,REJECT / NON-MATCH,AI classification: ENTITY_MISMATCH,2026-09-27T15:50:07.634092,v1.0
PAIR-000034,REJECT / NON-MATCH,AI classification: ENTITY_MISMATCH,2026-09-27T15:50:07.634092,v1.0
PAIR-000035,REJECT / NON-MATCH,AI classification: ENTITY_MISMATCH,2026-09-27T15:50:07.634092,v1.0
PAIR-000036,REJECT / NON-MATCH,AI classification: ENTITY_MISMATCH,2026-09-27T15:50:07.634092,v1.0
PAIR-000037,APPROVE / MATCH,AI classification: STATUS_CONFLICT,2026-09-27T15:50:07.634092,v1.0
PAIR-000038,REJECT / NON-MATCH,AI classification: ENTITY_MISMATCH,2026-09-27T15:50:07.634092,v1.0
PAIR-000039,REJECT / NON-MATCH,AI classification: ENTITY_MISMATCH,2026-09-27T15:50:07.634092,v1.0
PAIR-000040,REJECT / NON-MATCH,AI classification: ENTITY_MISMATCH,2026-09-27T15:50:07.634092,v1.0
PAIR-000041,REJECT / NON-MATCH,AI classification: ENTITY_MISMATCH,2026-09-27T15:50:07.634092,v1.0
PAIR-000042,REJECT / NON-MATCH,AI classification: ENTITY_MISMATCH,2026-09-27T15:50:07.634092,v1.0
PAIR-000043,APPROVE / MATCH,AI classification: FORMATTING_DIFFERENCE,2026-09-27T15:50:07.634092,v1.0
PAIR-000044,REJECT / NON-MATCH,AI classification: ENTITY_MISMATCH,2026-09-27T15:50:07.634092,v1.0
PAIR-000045,REJECT / NON-MATCH,AI classification: ENTITY_MISMATCH,2026-09-27T15:50:07.634092,v1.0
PAIR-000046,REJECT / NON-MATCH,AI classification: ENTITY_MISMATCH,2026-09-27T15:50:07.634092,v1.0
PAIR-000047,REJECT / NON-MATCH,AI classification: ENTITY_MISMATCH,2026-09-27T15:50:07.634092,v1.0
PAIR-000048,REJECT / NON-MATCH,AI classification: ENTITY_MISMATCH,2026-09-27T15:50:07.634092,v1.0
PAIR-000049,APPROVE / MATCH,AI classification: STATUS_CONFLICT,2026-09-27T15:50:07.634092,v1.0
PAIR-000050,REJECT / NON-MATCH,AI classification: ENTITY_MISMATCH,2026-09-27T15:50:07.634092,v1.0
PAIR-000051,REJECT / NON-MATCH,AI classification: ENTITY_MISMATCH,2026-09-27T15:50:07.634092,v1.0
PAIR-000052,REJECT / NON-MATCH,AI classification: ENTITY_MISMATCH,2026-09-27T15:50:07.634092,v1.0
PAIR-000053,REJECT / NON-MATCH,AI classification: ENTITY_MISMATCH,2026-09-27T15:50:07.634092,v1.0
PAIR-000054,REJECT / NON-MATCH,AI classification: ENTITY_MISMATCH,2026-09-27T15:50:07.634092,v1.0
PAIR-000055,APPROVE / MATCH,AI classification: FORMATTING_DIFFERENCE,2026-09-27T15:50:07.634092,v1.0
PAIR-000056,REJECT / NON-MATCH,AI classification: ENTITY_MISMATCH,2026-09-27T15:50:07.634092,v1.0
PAIR-000057,REJECT / NON-MATCH,AI classification: ENTITY_MISMATCH,2026-09-27T15:50:07.634092,v1.0
PAIR-000058,REJECT / NON-MATCH,AI classification: ENTITY_MISMATCH,2026-09-27T15:50:07.634092,v1.0
PAIR-000059,REJECT / NON-MATCH,AI classification: ENTITY_MISMATCH,2026-09-27T15:50:07.634092,v1.0
PAIR-000060,REJECT / NON-MATCH,AI classification: ENTITY_MISMATCH,2026-09-27T15:50:07.634092,v1.0
PAIR-000061,APPROVE / MATCH,AI classification: STATUS_CONFLICT,2026-09-27T15:50:07.634092,v1.0
PAIR-000062,REJECT / NON-MATCH,AI classification: ENTITY_MISMATCH,2026-09-27T15:50:07.634092,v1.0
PAIR-000063,REJECT / NON-MATCH,AI classification: ENTITY_MISMATCH,2026-09-27T15:50:07.634092,v1.0
PAIR-000064,REJECT / NON-MATCH,AI classification: ENTITY_MISMATCH,2026-09-27T15:50:07.634092,v1.0
PAIR-000065,REJECT / NON-MATCH,AI classification: ENTITY_MISMATCH,2026-09-27T15:50:07.634092,v1.0
PAIR-000066,REJECT / NON-MATCH,AI classification: ENTITY_MISMATCH,2026-09-27T15:50:07.634092,v1.0
PAIR-000067,APPROVE / MATCH,AI classification: FORMATTING_DIFFERENCE,2026-09-27T15:50:07.634092,v1.0
PAIR-000068,REJECT / NON-MATCH,AI classification: ENTITY_MISMATCH,2026-09-27T15:50:07.634092,v1.0
PAIR-000069,REJECT / NON-MATCH,AI classification: ENTITY_MISMATCH,2026-09-27T15:50:07.634092,v1.0
PAIR-000070,REJECT / NON-MATCH,AI classification: ENTITY_MISMATCH,2026-09-27T15:50:07.634092,v1.0
PAIR-000071,REJECT / NON-MATCH,AI classification: ENTITY_MISMATCH,2026-09-27T15:50:07.634092,v1.0
PAIR-000072,REJECT / NON-MATCH,AI classification: ENTITY_MISMATCH,2026-09-27T15:50:07.634092,v1.0
PAIR-000073,APPROVE / MATCH,AI classification: STATUS_CONFLICT,2026-09-27T15:50:07.634092,v1.0
PAIR-000074,REJECT / NON-MATCH,AI classification: ENTITY_MISMATCH,2026-09-27T15:50:07.634092,v1.0
PAIR-000075,REJECT / NON-MATCH,AI classification: ENTITY_MISMATCH,2026-09-27T15:50:07.634092,v1.0
PAIR-000076,REJECT / NON-MATCH,AI classification: ENTITY_MISMATCH,2026-09-27T15:50:07.634092,v1.0
PAIR-000077,REJECT / NON-MATCH,AI classification: ENTITY_MISMATCH,2026-09-27T15:50:07.634092,v1.0
PAIR-000078,REJECT / NON-MATCH,AI classification: ENTITY_MISMATCH,2026-09-27T15:50:07.634092,v1.0
PAIR-000079,APPROVE / MATCH,AI classification: STATUS_CONFLICT,2026-09-27T15:50:07.634092,v1.0
PAIR-000080,REJECT / NON-MATCH,AI classification: ENTITY_MISMATCH,2026-09-27T15:50:07.634092,v1.0
PAIR-000081,REJECT / NON-MATCH,AI classification: ENTITY_MISMATCH,2026-09-27T15:50:07.634092,v1.0
PAIR-000082,REJECT / NON-MATCH,AI classification: ENTITY_MISMATCH,2026-09-27T15:50:07.634092,v1.0
PAIR-000083,REJECT / NON-MATCH,AI classification: ENTITY_MISMATCH,2026-09-27T15:50:07.634092,v1.0
PAIR-000084,REJECT / NON-MATCH,AI classification: ENTITY_MISMATCH,2026-09-27T15:50:07.634092,v1.0
PAIR-000085,APPROVE / MATCH,AI classification: STATUS_CONFLICT,2026-09-27T15:50:07.634092,v1.0
PAIR-000086,REJECT / NON-MATCH,AI classification: ENTITY_MISMATCH,2026-09-27T15:50:07.634092,v1.0
PAIR-000087,REJECT / NON-MATCH,AI classification: ENTITY_MISMATCH,2026-09-27T15:50:07.634092,v1.0
PAIR-000088,REJECT / NON-MATCH,AI classification: ENTITY_MISMATCH,2026-09-27T15:50:07.634092,v1.0
PAIR-000089,REJECT / NON-MATCH,AI classification: ENTITY_MISMATCH,2026-09-27T15:50:07.634092,v1.0
PAIR-000090,REJECT / NON-MATCH,AI classification: ENTITY_MISMATCH,2026-09-27T15:50:07.634092,v1.0
PAIR-000091,APPROVE / MATCH,AI classification: STATUS_CONFLICT,2026-09-27T15:50:07.634092,v1.0
PAIR-000092,REJECT / NON-MATCH,AI classification: ENTITY_MISMATCH,2026-09-27T15:50:07.634092,v1.0
PAIR-000093,REJECT / NON-MATCH,AI classification: ENTITY_MISMATCH,2026-09-27T15:50:07.634092,v1.0
PAIR-000094,REJECT / NON-MATCH,AI classification: ENTITY_MISMATCH,2026-09-27T15:50:07.634092,v1.0
PAIR-000095,REJECT / NON-MATCH,AI classification: ENTITY_MISMATCH,2026-09-27T15:50:07.634092,v1.0
PAIR-000096,REJECT / NON-MATCH,AI classification: ENTITY_MISMATCH,2026-09-27T15:50:07.643284,v1.0
PAIR-000097,APPROVE / MATCH,AI classification: STATUS_CONFLICT,2026-09-27T15:50:07.643284,v1.0
PAIR-000098,REJECT / NON-MATCH,AI classification: ENTITY_MISMATCH,2026-09-27T15:50:07.643284,v1.0
PAIR-000099,REJECT / NON-MATCH,AI classification: ENTITY_MISMATCH,2026-09-27T15:50:07.643284,v1.0
PAIR-000100,REJECT / NON-MATCH,AI classification: ENTITY_MISMATCH,2026-09-27T15:50:07.643284,v1.0
